-- phpMyAdmin SQL Dump
-- version 5.2.0
-- https://www.phpmyadmin.net/
--
-- Host: 127.0.0.1:3306
-- Generation Time: Oct 18, 2023 at 04:34 PM
-- Server version: 8.0.31
-- PHP Version: 8.0.26

SET SQL_MODE = "NO_AUTO_VALUE_ON_ZERO";
START TRANSACTION;
SET time_zone = "+00:00";


/*!40101 SET @OLD_CHARACTER_SET_CLIENT=@@CHARACTER_SET_CLIENT */;
/*!40101 SET @OLD_CHARACTER_SET_RESULTS=@@CHARACTER_SET_RESULTS */;
/*!40101 SET @OLD_COLLATION_CONNECTION=@@COLLATION_CONNECTION */;
/*!40101 SET NAMES utf8mb4 */;

--
-- Database: `client02`
--

-- --------------------------------------------------------

--
-- Table structure for table `order_product`
--

DROP TABLE IF EXISTS `order_product`;
CREATE TABLE IF NOT EXISTS `order_product` (
  `id` int NOT NULL,
  `supplier` int DEFAULT NULL,
  `product` int DEFAULT NULL,
  `quantity_ordered` int DEFAULT NULL,
  `quantity_received` int DEFAULT NULL,
  `quantity_remaining` int DEFAULT NULL,
  `status` varchar(20) CHARACTER SET utf8mb4 COLLATE utf8mb4_general_ci DEFAULT NULL,
  `batch` int DEFAULT NULL,
  `created_by` int DEFAULT NULL,
  `created_at` datetime DEFAULT NULL,
  `updated_at` datetime DEFAULT NULL,
  PRIMARY KEY (`id`),
  KEY `supplier` (`supplier`),
  KEY `product` (`product`),
  KEY `created_by` (`created_by`)
) ENGINE=InnoDB DEFAULT CHARSET=utf8mb4 COLLATE=utf8mb4_general_ci;

--
-- Dumping data for table `order_product`
--

INSERT INTO `order_product` (`id`, `supplier`, `product`, `quantity_ordered`, `quantity_received`, `quantity_remaining`, `status`, `batch`, `created_by`, `created_at`, `updated_at`) VALUES
(35, 5, 18, 213, 1, 212, 'pending', 1695616477, 27, '2023-09-25 04:34:38', '2023-09-25 04:34:38'),
(40, 5, 18, 1, 1, 0, 'pending', 1695787492, 27, '2023-09-27 04:04:52', '2023-09-27 04:04:52'),
(41, 5, 19, 23, NULL, NULL, 'pending', 1695787895, 27, '2023-09-27 04:11:35', '2023-09-27 04:11:35'),
(42, 10, 19, 3, NULL, NULL, 'pending', 1695787895, 27, '2023-09-27 04:11:35', '2023-09-27 04:11:35'),
(43, 11, 19, 41, NULL, NULL, 'pending', 1695787895, 27, '2023-09-27 04:11:35', '2023-09-27 04:11:35'),
(48, 5, 19, 3, 2, 1, 'pending', 1695789994, 27, '2023-09-27 04:46:34', '2023-09-27 04:46:34'),
(49, 10, 19, 4, 4, 0, 'completed', 1695789994, 27, '2023-09-27 04:46:34', '2023-09-27 04:46:34'),
(50, 11, 19, 5, 5, 0, 'completed', 1695789994, 27, '2023-09-27 04:46:34', '2023-09-27 04:46:34'),
(51, 5, 19, 5, NULL, NULL, 'pending', 1695791444, 27, '2023-09-27 05:10:44', '2023-09-27 05:10:44'),
(52, 10, 19, 4, NULL, NULL, 'pending', 1695791444, 27, '2023-09-27 05:10:44', '2023-09-27 05:10:44'),
(53, 11, 19, 3, 3, 0, 'complete', 1695791444, 27, '2023-09-27 05:10:44', '2023-09-27 05:10:44'),
(54, 5, 18, 2, 2, 0, 'completed', 1695791444, 27, '2023-09-27 05:10:44', '2023-09-27 05:10:44'),
(55, 5, 19, 20, 20, 0, 'completed', 1696736495, 1, '2023-10-08 05:41:35', '2023-10-08 05:41:35'),
(56, 20, 19, 20, 20, 0, 'pending', 1697085547, 33, '2023-10-12 04:39:07', '2023-10-12 04:39:07'),
(57, 23, 95, 11, NULL, NULL, 'pending', 1697458968, 34, '2023-10-16 12:22:48', '2023-10-16 12:22:48'),
(58, 20, 18, 23, 23, 0, 'completed', 1697460963, 34, '2023-10-16 12:56:03', '2023-10-16 12:56:03'),
(59, 22, 161, 2, 2, 0, 'completed', 1697460963, 34, '2023-10-16 12:56:03', '2023-10-16 12:56:03');

-- --------------------------------------------------------

--
-- Table structure for table `order_product_history`
--

DROP TABLE IF EXISTS `order_product_history`;
CREATE TABLE IF NOT EXISTS `order_product_history` (
  `id` int NOT NULL AUTO_INCREMENT,
  `order_product_id` int NOT NULL,
  `qty_received` int NOT NULL,
  `date_received` datetime NOT NULL,
  `date_updated` datetime NOT NULL,
  PRIMARY KEY (`id`),
  KEY `order_product_id` (`order_product_id`)
) ENGINE=InnoDB AUTO_INCREMENT=51 DEFAULT CHARSET=utf8mb4 COLLATE=utf8mb4_general_ci;

--
-- Dumping data for table `order_product_history`
--

INSERT INTO `order_product_history` (`id`, `order_product_id`, `qty_received`, `date_received`, `date_updated`) VALUES
(1, 0, 20, '2023-07-12 12:50:53', '2023-07-12 12:50:53'),
(6, 1, 20, '2023-05-13 05:49:55', '2023-05-13 05:49:55'),
(7, 17, 1, '2023-05-13 05:50:43', '2023-05-13 05:50:43'),
(8, 1, 20, '2023-05-13 09:21:23', '2023-05-13 09:21:23'),
(9, 1, 300, '2023-05-13 09:22:46', '2023-05-13 09:22:46'),
(10, 5, 32, '2023-05-13 09:23:32', '2023-05-13 09:23:32'),
(11, 6, 10000, '2023-05-13 09:23:32', '2023-05-13 09:23:32'),
(12, 7, 34, '2023-05-13 09:23:32', '2023-05-13 09:23:32'),
(13, 8, 200, '2023-05-13 09:23:32', '2023-05-13 09:23:32'),
(14, 15, 14, '2023-05-13 09:24:01', '2023-05-13 09:24:01'),
(15, 21, 4, '2023-05-14 07:39:47', '2023-05-14 07:39:47'),
(16, 22, 5, '2023-05-14 07:39:47', '2023-05-14 07:39:47'),
(17, 20, 5, '2023-05-14 07:54:36', '2023-05-14 07:54:36'),
(18, 18, 1, '2023-05-14 07:54:36', '2023-05-14 07:54:36'),
(19, 18, 1, '2023-05-14 07:55:42', '2023-05-14 07:55:42'),
(20, 3, 50, '2023-05-14 10:23:24', '2023-05-14 10:23:24'),
(21, 5, 15, '2023-05-14 10:23:34', '2023-05-14 10:23:34'),
(22, 8, 4, '2023-05-14 10:23:56', '2023-05-14 10:23:56'),
(23, 9, 3, '2023-05-14 10:23:56', '2023-05-14 10:23:56'),
(24, 10, 5, '2023-05-14 10:23:56', '2023-05-14 10:23:56'),
(25, 11, 2, '2023-05-14 10:24:14', '2023-05-14 10:24:14'),
(26, 12, 2, '2023-05-14 10:24:14', '2023-05-14 10:24:14'),
(27, 19, 9, '2023-05-14 10:43:46', '2023-05-14 10:43:46'),
(28, 20, 15, '2023-05-14 10:43:46', '2023-05-14 10:43:46'),
(29, 22, 30, '2023-05-14 10:43:46', '2023-05-14 10:43:46'),
(30, 18, 26, '2023-05-14 10:43:46', '2023-05-14 10:43:46'),
(31, 21, 45, '2023-05-14 10:43:46', '2023-05-14 10:43:46'),
(32, 25, 3, '2023-05-24 08:24:29', '2023-05-24 08:24:29'),
(33, 26, 25, '2023-06-08 05:00:45', '2023-06-08 05:00:45'),
(34, 27, 50, '2023-06-12 17:45:45', '2023-06-12 17:45:45'),
(35, 35, 1, '2023-09-28 03:02:36', '2023-09-28 03:02:36'),
(36, 44, 1, '2023-09-28 03:03:59', '2023-09-28 03:03:59'),
(37, 45, 3, '2023-09-28 03:03:59', '2023-09-28 03:03:59'),
(38, 38, 2, '2023-09-28 03:05:36', '2023-09-28 03:05:36'),
(39, 39, 1, '2023-09-28 03:05:36', '2023-09-28 03:05:36'),
(40, 37, 1, '2023-09-28 03:05:36', '2023-09-28 03:05:36'),
(41, 54, 2, '2023-10-04 05:32:14', '2023-10-04 05:32:14'),
(42, 49, 4, '2023-10-04 06:40:32', '2023-10-04 06:40:32'),
(43, 48, 2, '2023-10-04 06:40:32', '2023-10-04 06:40:32'),
(44, 50, 5, '2023-10-04 06:40:33', '2023-10-04 06:40:33'),
(45, 46, 1, '2023-10-04 06:40:33', '2023-10-04 06:40:33'),
(46, 55, 20, '2023-10-08 05:45:44', '2023-10-08 05:45:44'),
(47, 56, 15, '2023-10-13 06:00:15', '2023-10-13 06:00:15'),
(48, 56, 5, '2023-10-13 06:00:24', '2023-10-13 06:00:24'),
(49, 59, 2, '2023-10-16 12:57:57', '2023-10-16 12:57:57'),
(50, 58, 23, '2023-10-16 12:58:55', '2023-10-16 12:58:55');

-- --------------------------------------------------------

--
-- Table structure for table `products`
--

DROP TABLE IF EXISTS `products`;
CREATE TABLE IF NOT EXISTS `products` (
  `id` int NOT NULL,
  `item_code` varchar(50) CHARACTER SET utf8mb4 COLLATE utf8mb4_general_ci NOT NULL,
  `product_name` varchar(191) CHARACTER SET utf8mb4 COLLATE utf8mb4_general_ci NOT NULL,
  `description` varchar(1000) CHARACTER SET utf8mb4 COLLATE utf8mb4_general_ci DEFAULT NULL,
  `category` varchar(500) CHARACTER SET utf8mb4 COLLATE utf8mb4_general_ci NOT NULL,
  `img` varchar(100) CHARACTER SET utf8mb4 COLLATE utf8mb4_general_ci DEFAULT NULL,
  `stocks` int NOT NULL,
  `p_location` varchar(80) CHARACTER SET utf8mb4 COLLATE utf8mb4_general_ci NOT NULL,
  `price` int NOT NULL,
  `created_by` int NOT NULL,
  `created_at` datetime NOT NULL,
  `updated_at` datetime NOT NULL,
  `status` int DEFAULT '0',
  `click_notif` int DEFAULT '0',
  `deleted_at` datetime DEFAULT NULL,
  `deleted` int DEFAULT '0',
  PRIMARY KEY (`id`)
) ENGINE=InnoDB DEFAULT CHARSET=utf8mb4 COLLATE=utf8mb4_general_ci;

--
-- Dumping data for table `products`
--

INSERT INTO `products` (`id`, `item_code`, `product_name`, `description`, `category`, `img`, `stocks`, `p_location`, `price`, `created_by`, `created_at`, `updated_at`, `status`, `click_notif`, `deleted_at`, `deleted`) VALUES
(18, 'FRN044', 'R134A', 'R134A is a popular HFC refrigerant commonly used in automotive air conditioning and residential cooling systems.', 'Refrigerant', 'product-1693803654.jpg', 27, 'Back Storage of the Garage in the 1st Room on the 1st Floor', 6500, 1, '2023-09-04 07:00:54', '2023-10-17 04:39:57', 0, 1, NULL, 0),
(19, 'FRN049', 'R404A', 'R404A is a widely used HFC refrigerant known for its high cooling capacity.', 'Refrigerant', 'product-1693805847.jpg', 40, 'Back Storage of the Garage in the 1st Room on the 1st Floor', 7400, 1, '2023-09-04 07:37:27', '2023-10-17 04:39:47', 0, 0, NULL, 0),
(20, 'FRN050', 'R407C', 'R407C is a common hydrofluorocarbon (HFC) refrigerant used in air conditioning and refrigeration systems.', 'Refrigerant', 'product-1696817254.jpeg', 10, 'Back Storage of the Garage in the 1st Room on the 1st Floor', 7500, 1, '2023-10-07 05:27:17', '2023-10-17 04:39:38', 0, 0, NULL, 0),
(21, 'FRN051', 'R507', 'R507 is a non-ozone-depleting, azeotropic refrigerant blend widely used in industrial and commercial cooling systems.', 'Refrigerant', 'product-1696817322.jpg', 20, 'Back Storage of the Garage in the 1st Room on the 1st Floor', 7500, 1, '2023-10-07 05:28:52', '2023-10-17 04:39:29', 0, 0, NULL, 0),
(22, 'FRN052', 'R410A', ' R410A refrigerant is used in air conditioning and refrigeration systems to efficiently cool indoor spaces by absorbing and releasing heat, providing a comfortable temperature for occupants.', 'Refrigerant', 'product-1696823532.png', 23, 'Back Storage of the Garage in the 1st Room on the 1st Floor', 7006, 1, '2023-10-07 05:30:46', '2023-10-17 04:39:18', 0, 0, NULL, 0),
(23, 'FRN086', 'R600a', 'The primary purpose of refrigerants in a car is to cool the interior of the vehicle, providing a comfortable and controlled temperature for passengers.', 'Refrigerant', 'product-1696823692.png', 20, 'Back Storage of the Garage in the 1st Room on the 1st Floor', 3900, 1, '2023-10-07 05:32:03', '2023-10-17 04:39:10', 0, 0, NULL, 0),
(24, 'FRN085', 'R32', 'In air conditioning systems, R32 is used as a refrigerant to transfer heat and facilitate the cooling process. It has good thermodynamic properties, allowing for efficient cooling. ', 'Refrigerant', 'product-1696823749.png', 22, 'Back Storage of the Garage in the 1st Room on the 1st Floor', 7050, 1, '2023-10-07 05:32:40', '2023-10-17 04:38:59', 0, 0, NULL, 0),
(25, 'COUX-CM', 'Nissan NV350', '', 'Evaporator', NULL, 24, '', 3800, 1, '2023-10-07 05:36:47', '2023-10-07 05:36:47', 0, 0, '2023-10-12 08:01:04', 1),
(26, 'CRUX-CM ', 'Nissan Frontier', 'The cooled and dehumidified air is then distributed throughout the cars interior using the vehicles ventilation system.', 'Evaporator', 'product-1697509185.jpg', 22, 'Back Storage of the Garage in the 2nd Room on the 1st Floor', 3800, 1, '2023-10-07 05:40:16', '2023-10-17 07:12:04', 0, 0, NULL, 0),
(27, 'CRXX-2', 'Nissan HIMERA', 'Its primary purpose is to cool and dehumidify the air that circulates within the vehicles interior.', 'Evaporator', 'product-1697508794.jpg', 20, 'Back Storage of the Garage in the 2nd Room on the 1st Floor', 3000, 1, '2023-10-07 05:41:28', '2023-10-17 07:11:51', 0, 0, NULL, 0),
(28, 'ECXX-EX', 'Toyota Avanza 15', 'This process reduces the humidity level inside the car, making the atmosphere more comfortable and less prone to fogging of windows.', 'Evaporator', 'product-1697508626.jpg', 24, 'Back Storage of the Garage in the 2nd Room on the 1st Floor', 4000, 1, '2023-10-07 05:42:02', '2023-10-17 07:11:40', 0, 0, NULL, 0),
(29, 'COXX-CM', 'Toyota Rush', 'The evaporator cools the air by utilizing a refrigerant.', 'Evaporator', 'product-1697508480.jpg', 24, 'Back Storage of the Garage in the 2nd Room on the 1st Floor', 4000, 1, '2023-10-07 05:42:47', '2023-10-17 07:11:29', 0, 0, NULL, 0),
(30, 'CNUX-2', 'Toyota Vios 2014', 'It plays a crucial role in cooling, dehumidifying, and improving air quality inside the car to ensure a comfortable and pleasant driving experience for passengers in various weather conditions.', 'Evaporator', 'product-1697508246.jpg', 25, 'Back Storage of the Garage in the 2nd Room on the 1st Floor', 3500, 1, '2023-10-07 05:43:23', '2023-10-17 07:11:17', 0, 0, NULL, 0),
(31, 'CYXX-Z', 'KIA CARNIVAL', ' It plays a crucial role in cooling, dehumidifying, and improving air quality inside the car to ensure a comfortable and pleasant driving experience for passengers in various weather conditions.', 'Evaporator', 'product-1697096247.jpg', 15, 'Back Storage of the Garage in the 2nd Room on the 1st Floor', 3000, 1, '2023-10-07 05:44:06', '2023-10-17 07:11:01', 0, 0, NULL, 0),
(32, 'ECXX-EX', 'KIA KC2700 \'16', '', 'Evaporator', NULL, 18, '', 4800, 1, '2023-10-07 05:45:31', '2023-10-07 05:45:31', 0, 0, '2023-10-07 05:46:45', 1),
(33, 'ECXX-EX', 'KIA KC2700 ', '', 'Evaporator', NULL, 25, '', 4800, 1, '2023-10-07 05:46:15', '2023-10-07 05:46:15', 0, 0, '2023-10-12 07:08:14', 1),
(34, 'ECXX-EX', 'KIA KC270016', ' The primary function of the evaporator is to cool the warm air that is drawn from inside the vehicle. This is achieved through a heat exchange process.', 'Evaporator', 'product-1697094260.jpg', 24, 'Back Storage of the Garage in the 2nd Room on the 1st Floor', 4800, 1, '2023-10-07 05:47:10', '2023-10-17 07:10:47', 0, 0, NULL, 0),
(35, 'CFUX-CW', 'ISUZU ALTERA Rear', 'This evaporator is an essential part of the air conditioning system that is responsible for cooling the air that is blown into the passenger compartment of the vehicle. It works in conjunction with the compressor, condenser, and other components to remove heat from the air.', 'Evaporator', 'product-1697094055.jpg', 25, 'Back Storage of the Garage in the 2nd Room on the 1st Floor', 3000, 1, '2023-10-07 05:47:45', '2023-10-17 07:10:27', 0, 0, NULL, 0),
(36, 'M-S53C12KAX6', 'Panasonic', 'Its primary function is to compress and circulate the refrigerant gas, which allows for the cooling of the cabin air.', 'Compressor', 'product-1697099688.jpg', 25, 'Back Storage of the Establishment', 3680, 1, '2023-10-07 05:48:38', '2023-10-17 04:20:45', 0, 0, NULL, 0),
(37, 'M-S43C92KAX6', 'Panasonic', 'To cool the cabin air by cycling refrigerant through a series of processes that involve compression and expansion.', 'Compressor', 'product-1697099593.jpg', 25, 'Back Storage of the Establishment', 3600, 1, '2023-10-07 05:49:30', '2023-10-17 04:19:37', 0, 0, NULL, 0),
(38, 'M-QB66CISGAX6', 'Panasonic', 'Compressors play a crucial role in these systems by compressing refrigerant gases, which allows for heat exchange and temperature control.', 'Compressor', 'product-1697094790.jpg', 25, 'Back Storage of the Establishment', 3900, 1, '2023-10-07 05:50:21', '2023-10-17 04:19:24', 0, 0, NULL, 0),
(39, 'YUXX-CT', 'ISUZU ALTERA ', 'Responsible for cooling the air that is delivered into the air cabin.', 'Compressor', 'product-1697042362.jpg', 25, 'Back Storage of the Establishment', 13500, 1, '2023-10-07 05:54:19', '2023-10-17 04:18:49', 0, 0, NULL, 0),
(40, 'FUXX-CT', 'MAZDA 3', 'Responsible for cooling the air that is blown into the vehicle cabin.', 'Compressor', 'product-1697042284.jpg', 25, 'Back Storage of the Establishment', 1400, 1, '2023-10-07 05:55:12', '2023-10-17 04:19:09', 0, 0, NULL, 0),
(41, 'YXXX-CT', 'CR14 D\'MAX', '', 'Compressor', NULL, 26, '', 1300, 1, '2023-10-07 05:55:50', '2023-10-07 05:55:50', 0, 0, '2023-10-12 08:25:37', 1),
(42, '53-64 MFD 110V', 'Capacitor', '', 'Capacitor', NULL, 25, '', 235, 1, '2023-10-07 06:01:19', '2023-10-07 06:01:19', 0, 0, '2023-10-07 06:02:29', 1),
(43, '-----', '53-64 MFD 110V', 'It plays a crucial role in regulating the electrical current, ensuring that the motor or machine operates smoothly and efficiently.', 'Capacitor', 'product-1697041815.jpg', 24, 'Back Shelf Left Corner', 210, 1, '2023-10-07 06:02:59', '2023-10-17 03:43:25', 0, 0, NULL, 0),
(44, '0', '64-77 MFD 110V', 'Capacitors are used in various electronic control modules within the vehicle to filter out noise and ensure stable operation.', 'Capacitor', 'product-1697102153.jpg', 25, 'Back Shelf Left Corner', 128, 1, '2023-10-07 06:04:38', '2023-10-17 03:43:48', 0, 0, NULL, 0),
(45, '-----', '72-86 MFD 110V', 'Capacitors are used in various electronic control modules within the vehicle to filter out noise and ensure stable operation.', 'Capacitor', 'product-1697041312.png', 23, 'Back Shelf Left Corner', 190, 1, '2023-10-07 06:06:06', '2023-10-17 03:45:36', 0, 0, NULL, 0),
(46, '-----', '88-106 MFD 110V', 'Are often used in power supply circuits to stabilize voltage levels and filter out noise.', 'Capacitor', 'product-1697038746.jpg', 30, 'Back Shelf Left Corner', 200, 1, '2023-10-07 06:06:56', '2023-10-17 03:45:49', 0, 0, NULL, 0),
(47, '0', '97-116 MFD 110V', 'Capacitors are used in various electronic control modules within the vehicle to filter out noise and ensure stable operation.', 'Capacitor', 'product-1697102457.jpg', 25, 'Back Shelf Left Corner', 205, 1, '2023-10-07 06:07:28', '2023-10-17 03:46:03', 0, 0, NULL, 0),
(48, '-----', '108-130 MFD 110V', 'Capacitors are used in various electronic control modules within the vehicle to filter out noise and ensure stable operation.', 'Capacitor', 'product-1697038593.jpg', 20, 'Back Shelf Left Corner', 195, 1, '2023-10-07 06:08:08', '2023-10-17 03:46:16', 0, 0, NULL, 0),
(49, '-----', '124-149 MFD 110V', 'Are often used in power supply circuits to stabilize voltage levels and filter out noise.', 'Capacitor', 'product-1697038523.jpg', 21, 'Back Shelf Left Corner', 210, 1, '2023-10-07 06:08:41', '2023-10-17 03:46:59', 0, 0, NULL, 0),
(50, '-----', '130-156 MFD 110V', 'This capacitors are often used for specific purposes like energy storage, filtering, and power factor correction.', 'Capacitor', 'product-1697038455.jpg', 26, 'Back Shelf Left Corner', 245, 1, '2023-10-07 06:09:12', '2023-10-17 03:48:39', 0, 0, NULL, 0),
(51, '0', '141-169 110V', 'Capacitors are used in various electronic control modules within the vehicle to filter out noise and ensure stable operation.', 'Capacitor', 'product-1697102597.jpg', 22, 'Back Shelf Left Corner', 275, 1, '2023-10-07 06:09:43', '2023-10-17 03:48:55', 0, 0, NULL, 0),
(52, '-----', '145-174 MFD 110V', 'Capacitors are commonly used in electrical circuits to store and release energy,', 'Capacitor', 'product-1697038325.jpg', 23, 'Back Shelf Left Corner', 275, 1, '2023-10-07 06:10:15', '2023-10-17 03:49:06', 0, 0, NULL, 0),
(53, '-----', '161-193 MFD 110V', 'Capacitors are commonly used in electrical circuits to store and release energy,', 'Capacitor', 'product-1697038204.jpg', 23, 'Back Shelf Left Corner', 320, 1, '2023-10-07 06:10:40', '2023-10-17 03:49:25', 0, 0, NULL, 0),
(54, '0', '158-191 110V', 'Are often used in power supply circuits to stabilize voltage levels and filter out noise.', 'Capacitor', 'product-1697102571.jpg', 25, 'Back Shelf Left Corner', 250, 1, '2023-10-07 06:11:42', '2023-10-17 04:07:17', 0, 0, NULL, 0),
(55, '-----', '189-227 MFD 110V', 'Are often used in power supply circuits to stabilize voltage levels and filter out noise.', 'Capacitor', 'product-1697037984.jpg', 23, 'Back Shelf Left Corner', 250, 1, '2023-10-07 06:12:30', '2023-10-17 04:07:32', 0, 0, NULL, 0),
(56, '0', '192-230 110V', 'It plays a crucial role in regulating the electrical current, ensuring that the motor or machine operates smoothly and efficiently.', 'Capacitor', 'product-1697102541.jpg', 26, 'Back Shelf Left Corner', 300, 1, '2023-10-07 06:13:09', '2023-10-17 04:09:52', 0, 0, NULL, 0),
(57, '-----', '200-240 MFD 110V', 'Its primary purpose is to assist in starting the motor by providing an initial electrical boost. This helps the motor overcome resistance during startup and ensures a smooth and efficient operation.', 'Capacitor', 'product-1697036672.jpg', 25, 'Back Shelf Left Corner', 300, 1, '2023-10-07 06:13:36', '2023-10-17 04:10:07', 0, 0, NULL, 0),
(58, '-----', '216-250 MFD 110V', 'Its primary purpose is to assist in starting the motor by providing an initial electrical boost. This helps the motor overcome resistance during startup and ensures a smooth and efficient operation.', 'Capacitor', 'product-1697036366.jpg', 26, 'Back Shelf Left Corner', 300, 1, '2023-10-07 06:14:52', '2023-10-17 04:11:33', 0, 0, NULL, 0),
(59, '-----', '233-280 MFD 110V', 'Its primary purpose is to assist in starting the motor by providing an initial electrical boost. This helps the motor overcome resistance during startup and ensures a smooth and efficient operation.', 'Capacitor', 'product-1697035689.jpg', 23, 'Back Shelf Left Corner', 300, 1, '2023-10-07 06:15:39', '2023-10-17 04:12:48', 0, 0, NULL, 0),
(60, '-----', '243-292 UF 110V', 'These capacitors are commonly used in appliances and equipment with motors, such as air conditioners, refrigerators, and pool pumps, to facilitate their reliable and effective operation.', 'Capacitor', 'product-1697035592.jpg', 26, 'Back Shelf Left Corner', 300, 1, '2023-10-07 06:16:09', '2023-10-17 04:13:10', 0, 0, NULL, 0),
(61, '-----', '250-300 UF 110V', 'These capacitors are commonly used in appliances and equipment with motors, such as air conditioners, refrigerators, and pool pumps, to facilitate their reliable and effective operation.', 'Capacitor', 'product-1697035485.jpg', 23, 'Back Shelf Left Corner', 300, 1, '2023-10-07 06:16:53', '2023-10-17 04:13:20', 0, 0, NULL, 0),
(62, '-----', '270-324 UF 110V', 'This capacitor provides an extra boost of power to help the motor overcome initial resistance and achieve a smooth and efficient start, ensuring the proper operation of the equipment.', 'Capacitor', 'product-1697035360.jpg', 22, 'Back Shelf Left Corner', 300, 1, '2023-10-07 06:17:33', '2023-10-17 04:12:36', 0, 0, NULL, 0),
(63, '-----', '280-336 UF 110V', 'This capacitor provides an extra boost of power to help the motor overcome initial resistance and achieve a smooth and efficient start, ensuring the proper operation of the equipment.', 'Capacitor', 'product-1697035171.jpg', 21, 'Back Shelf Left Corner', 300, 1, '2023-10-07 06:18:01', '2023-10-17 04:12:25', 0, 0, NULL, 0),
(64, '-----', '282-338 UF 110V', 'This capacitor provides an extra boost of power to help the motor overcome initial resistance and achieve a smooth and efficient start, ensuring the proper operation of the equipment.', 'Capacitor', 'product-1697102256.jpg', 23, 'Back Shelf Left Corner', 340, 1, '2023-10-07 06:18:20', '2023-10-17 04:12:12', 0, 0, NULL, 0),
(65, '-----', '300-360 UF 110V', 'Capacitors are commonly used in electrical circuits to store and release energy,', 'Capacitor', 'product-1697034198.jpg', 23, 'Back Shelf Left Corner', 300, 1, '2023-10-07 06:18:52', '2023-10-17 04:11:58', 0, 0, NULL, 0),
(66, '-----', '324-389 UF 110V', 'This capacitor is essential components in many circuits, providing energy storage and power factor correction.', 'Capacitor', 'product-1697034023.jpg', 23, 'Back Shelf Left Corner', 300, 1, '2023-10-07 06:19:49', '2023-10-17 04:11:46', 0, 0, NULL, 0),
(67, '-----', '340-408 125V', 'This capacitors are often used for specific purposes like energy storage, filtering, and power factor correction.', 'Capacitor', 'product-1696760045.jpg', 23, 'Back Shelf Left Corner', 450, 1, '2023-10-07 06:20:44', '2023-10-17 04:11:22', 0, 0, NULL, 0),
(68, '-----', '378-454 125V', 'This capacitors are often used for specific purposes like energy storage, filtering, and power factor correction.', 'Capacitor', 'product-1696760130.jpg', 23, 'Back Shelf Left Corner', 450, 1, '2023-10-07 06:21:45', '2023-10-17 04:11:08', 0, 0, NULL, 0),
(69, '-----', '400-480 125V', 'This capacitors are often used for specific purposes like energy storage, filtering, and power factor correction.', 'Capacitor', 'product-1696760192.jpg', 25, 'Back Shelf Left Corner', 360, 1, '2023-10-07 06:22:26', '2023-10-17 04:10:55', 0, 0, NULL, 0),
(70, '-----', '430-516 125V', 'This capacitors are often used for specific purposes like energy storage, filtering, and power factor correction.', 'Capacitor', 'product-1696760282.jpg', 23, 'Back Shelf Left Corner', 400, 1, '2023-10-07 06:23:05', '2023-10-17 04:10:43', 0, 0, NULL, 0),
(71, '-----', '460-552 125V', 'This capacitors are used in ignition systems to provide a spark for the spark plugs.', 'Capacitor', 'product-1696760376.jpg', 23, 'Back Shelf Left Corner', 400, 1, '2023-10-07 06:23:52', '2023-10-17 04:10:30', 0, 0, NULL, 0),
(72, '-----', '485-582 125V', 'This  capacitors are used in ignition systems to provide a spark for the spark plugs.', 'Capacitor', 'product-1696760491.jpg', 23, 'Back Shelf Left Corner', 500, 1, '2023-10-07 06:24:28', '2023-10-17 04:10:19', 0, 0, NULL, 0),
(73, '-----', '540-648 125V', 'This capacitors are used in ignition systems to provide a spark for the spark plugs.', 'Capacitor', 'product-1696760536.jpg', 25, 'Back Shelf Left Corner', 450, 1, '2023-10-07 06:24:55', '2023-10-17 04:09:37', 0, 0, NULL, 0),
(74, '-----', '590-708 125V', 'This capacitors are used in ignition systems to provide a spark for the spark plugs.', 'Capacitor', 'product-1696760638.jpg', 26, 'Back Shelf Left Corner', 450, 1, '2023-10-07 06:42:41', '2023-10-17 04:09:24', 0, 0, NULL, 0),
(75, '0000', '645-774 110V', '', 'Capacitor', NULL, 23, '', 0, 1, '2023-10-07 06:43:17', '2023-10-07 06:43:17', 0, 0, '2023-10-08 12:24:37', 1),
(76, '-----', '645-774 125V', 'This capacitor is essential to maintain the performance and longevity of electronic devices or systems.', 'Capacitor', 'product-1696760701.jpg', 23, 'Back Shelf Left Corner', 560, 1, '2023-10-07 06:44:13', '2023-10-17 04:09:13', 0, 0, NULL, 0),
(77, '-----', '705-845 110V', 'This capacitor is essential to maintain the performance and longevity of electronic devices or systems.', 'Capacitor', 'product-1696760745.jpg', 21, 'Back Shelf Left Corner', 650, 1, '2023-10-07 06:44:38', '2023-10-17 04:09:03', 0, 0, NULL, 0),
(78, '-----', '708-850 UF 110V', 'Capacitors are used in various electronic control modules within the vehicle to filter out noise and ensure stable operation.', 'Capacitor', 'product-1697033558.jpg', 23, 'Back Shelf Left Corner', 650, 1, '2023-10-07 06:45:44', '2023-10-17 04:08:44', 0, 0, NULL, 0),
(79, '-----', '720-864 125V', 'Capacitors are used in various electronic control modules within the vehicle to filter out noise and ensure stable operation.', 'Capacitor', 'product-1696760835.jpg', 25, 'Back Shelf Left Corner', 560, 1, '2023-10-07 06:46:14', '2023-10-17 04:08:31', 0, 0, NULL, 0),
(80, '-----', '800-960 UF 125V', 'Capacitors are used in various electronic control modules within the vehicle to filter out noise and ensure stable operation.', 'Capacitor', 'product-1697033456.jpg', 23, 'Back Shelf Left Corner', 750, 1, '2023-10-07 06:46:48', '2023-10-17 04:08:19', 0, 0, NULL, 0),
(81, '-----', '815-978 125V', 'Capacitors are used in various electronic control modules within the vehicle to filter out noise and ensure stable operation.', 'Capacitor', 'product-1696760890.jpg', 26, 'Back Shelf Left Corner', 850, 1, '2023-10-07 06:47:14', '2023-10-17 04:08:05', 0, 0, NULL, 0),
(82, '-----', '829-995 125V', ' In hybrid and electric vehicles, capacitors may be used in power electronics to manage electrical power flow efficiently.', 'Capacitor', 'product-1696760928.jpg', 25, 'Back Shelf Left Corner', 750, 1, '2023-10-07 06:47:39', '2023-10-17 04:07:54', 0, 0, NULL, 0),
(83, '-----', '850-1020 125V', 'Capacitors are sometimes used in car audio systems to store and release electrical energy quickly.', 'Capacitor', 'product-1696760956.jpg', 23, 'Back Shelf Left Corner', 560, 1, '2023-10-07 06:48:05', '2023-10-17 04:07:44', 0, 0, NULL, 0),
(84, '-----', '1000-1200 110V-125v', 'capacitors are used in ignition systems to provide a spark for the spark plugs.', 'Capacitor', 'product-1696761006.jpg', 23, 'Back Shelf Left Corner', 1100, 1, '2023-10-07 06:48:32', '2023-10-17 04:06:59', 0, 0, NULL, 0),
(85, '-----', '1020-1224 125V', 'Capacitors are used in various electronic control modules within the vehicle to filter out noise and ensure stable operation.', 'Capacitor', 'product-1696761036.jpg', 25, 'Back Shelf Left Corner', 1200, 1, '2023-10-07 06:49:20', '2023-10-17 04:06:38', 0, 0, NULL, 0),
(86, '-----', '1175-1410 110V', ' Can be used in power electronics to help manage electrical power flow efficiently.', 'Capacitor', 'product-1697011912.jpg', 26, 'Back Shelf Left Corner', 1200, 1, '2023-10-07 06:49:46', '2023-10-17 04:06:25', 0, 0, NULL, 0),
(87, '-----', '1280-1536 110V', 'Capacitors are used in various electronic control modules within the vehicle to filter out noise and ensure stable operation.', 'Capacitor', 'product-1697011791.jpg', 20, 'Back Shelf Left Corner', 1100, 1, '2023-10-07 06:50:09', '2023-10-17 04:06:04', 0, 0, NULL, 0),
(88, '-----', '1326-1580 125V', 'This capacitors are often used for specific purposes like energy storage, filtering, and power factor correction.', 'Capacitor', 'product-1696761131.jpg', 23, 'Back Shelf Left Corner', 1100, 1, '2023-10-07 06:50:44', '2023-10-17 04:05:50', 0, 0, NULL, 0),
(89, '-----', '1500-1800 110V-125V', 'Are often used in power supply circuits to stabilize voltage levels and filter out noise.', 'Capacitor', 'product-1696761169.jpg', 23, 'Back Shelf Left Corner', 1200, 1, '2023-10-07 06:51:05', '2023-10-17 04:05:35', 0, 0, NULL, 0),
(90, 'EK- 052', 'Filter Dryer 1/4', 'To filter out impurities, contaminants, and moisture from the refrigerant.', 'Dryer', 'product-1697098869.jpg', 25, 'Back Shelf  Corner', 500, 1, '2023-10-07 06:52:44', '2023-10-17 04:33:24', 0, 0, NULL, 0),
(91, 'EK- 163', 'Filter Dryer 3/8 ', 'To filter out impurities.', 'Dryer', 'product-1697098670.webp', 23, 'Back Shelf  Corner', 500, 1, '2023-10-07 06:54:19', '2023-10-17 04:33:55', 0, 0, NULL, 0),
(92, 'EK- 164', 'Filter Dryer 1/2', 'The \"EK-164\" filter dryer with a specification of \"1/2\" is a component typically used in various refrigeration and air conditioning systems, including automotive air conditioning systems.', 'Dryer', 'product-1697098367.jpg', 20, 'Back Shelf  Corner', 500, 1, '2023-10-07 06:54:56', '2023-10-17 04:34:05', 0, 0, NULL, 0),
(93, 'EK- 165', 'Filter Dryer 5/8', 'The \"EK-165\" filter dryer with a specification of \"5/8\" is typically used in automotive air conditioning systems, and its purpose is to serve as an essential component in the air conditioning system to maintain refrigerant quality and system performance', 'Dryer', 'product-1697098232.jpg', 15, 'Back Shelf Corner', 500, 1, '2023-10-07 06:55:39', '2023-10-17 04:34:17', 0, 0, NULL, 0),
(94, 'EK- 1635', 'Filter Dryer 3/8', 'Filter-dryers are essential components in these systems, performing crucial functions to maintain system performance and reliability.', 'Dryer', 'product-1697098086.jpg', 14, 'Back Shelf Corner', 500, 1, '2023-10-07 06:56:16', '2023-10-17 04:34:34', 0, 0, NULL, 0),
(95, 'EK- 0528', 'Filter Dryer 1/4', 'Filter-dryers are widely used in various refrigeration and air conditioning applications to maintain refrigerant quality, protect system components, and ensure efficient operation. ', 'Dryer', 'product-1697098009.jpg', 15, 'Back Shelf Corner', 500, 1, '2023-10-07 06:56:47', '2023-10-17 04:33:38', 0, 0, NULL, 0),
(96, 'EK- 1655', 'Filter Dryer 5/8', 'Filter-dryers are commonly used in various refrigeration and air conditioning applications to maintain the quality of the refrigerant, protect system components, and ensure efficient operation', 'Dryer', 'product-1697097902.jpg', 12, 'Back Shelf Corner', 500, 1, '2023-10-07 06:57:25', '2023-10-17 04:32:20', 0, 0, NULL, 0),
(97, 'LW 085', 'Toyota Wigo /Avanza', 'The primary function of the LW 085 cabin filter is to filter the air that enters the vehicles cabin through the ventilation system.', 'Cabin Filter', 'product-1697009744.jpg', 12, 'Right Side Under the Counter', 550, 1, '2023-10-07 06:58:13', '2023-10-17 03:37:08', 0, 0, NULL, 0),
(98, 'LW 083', 'Mitsubishi Mirage', 'It filters out particles and may reduce odors, contributing to a healthier and more comfortable environment for the vehicles occupants.', 'Cabin Filter', 'product-1697009643.jpg', 13, 'Right Side Under the Counter', 550, 1, '2023-10-07 06:59:00', '2023-10-17 03:36:58', 0, 0, NULL, 0),
(99, 'LW 059', 'Mitsubishi Montero/ Strada', 'the cabin filter helps to improve the air quality inside the cars cabin.', 'Cabin Filter', 'product-1697009565.jpg', 13, 'Right Side Under the Counter', 550, 1, '2023-10-07 06:59:57', '2023-10-17 03:36:47', 0, 0, NULL, 0),
(100, 'LW 057', 'Accent /Tucson/Sportage', 'This helps ensure that the filter continues to effectively filter the incoming air and protect the HVAC system.', 'Cabin Filter', 'product-1697009312.jpg', 9, 'Right Side Under the Counter', 550, 1, '2023-10-07 07:00:38', '2023-10-17 03:36:30', 0, 0, NULL, 0),
(101, 'LW 049', 'Picanto', 'The cabin filter also safeguards the HVAC system by preventing debris and contaminants from entering it. This helps extend the life of the HVAC components, ensuring they operate efficiently.', 'Cabin Filter', 'product-1697009209.jpg', 19, 'Right Side Under the Counter', 550, 1, '2023-10-07 07:01:27', '2023-10-17 03:36:11', 0, 0, NULL, 0),
(102, 'LW 089', 'Ford Ranger', 'It captures and removes dust, pollen, allergens, fine particulate matter, and sometimes even odors from the outside air, ensuring that the air inside the cabin is clean and free from contaminants.', 'Cabin Filter', 'product-1697007422.jpg', 13, 'Right Side Under the Counter', 600, 1, '2023-10-07 07:02:10', '2023-10-17 03:35:40', 0, 0, NULL, 0),
(103, '-----', 'ID-1/5/8 T-3/8', 'It provides thermal insulation to prevent heat loss or gain and helps to maintain temperature control in pipes and tubing. ', 'Rubber Insulation Tube', 'product-1697002219.png', 25, 'Back Storage of the Garage in the 1st Room on the 1st Floor', 150, 1, '2023-10-07 07:05:24', '2023-10-17 07:07:42', 0, 0, NULL, 0),
(104, '-----', 'ID-1/1/8 T-3/8', 'This type of rubber insulation tube, with an inner diameter of 1 1/8 inches and a 3/8-inch insulation thickness, is typically used in various applications, such as HVAC (Heating, Ventilation, and Air Conditioning) systems, refrigeration, and plumbing. ', 'Rubber Insulation Tube', 'product-1697002131.png', 11, 'Back Storage of the Garage in the 1st Room on the 1st Floor', 130, 1, '2023-10-07 07:06:53', '2023-10-17 07:07:28', 0, 0, NULL, 0),
(105, '-----', 'ID-3/4 T-3/8', 'It provides thermal insulation to prevent heat loss or gain and helps to maintain temperature control in pipes and tubing. ', 'Rubber Insulation Tube', 'product-1697001752.png', 9, 'Back Storage of the Garage in the 1st Room on the 1st Floor', 80, 1, '2023-10-07 07:07:13', '2023-10-17 07:07:17', 0, 0, NULL, 0),
(106, '-----', 'ID-5/8 T-3/8', ' It is primarily used for thermal insulation, helping to prevent heat loss or gain in pipes and tubing. Additionally, it serves to maintain temperature control and reduce condensation on the pipes, which is important for preventing moisture-related issues in various applications. ', 'Rubber Insulation Tube', 'product-1697001688.png', 19, 'Back Storage of the Garage in the 1st Room on the 1st Floor', 75, 1, '2023-10-07 07:07:40', '2023-10-17 07:06:59', 0, 0, NULL, 0),
(107, '-----', 'ID-1/2 T-3/8', 'It helps to prevent heat loss or gain and control temperature in the pipes while also reducing condensation.', 'Rubber Insulation Tube', 'product-1697001602.png', 12, 'Back Storage of the Garage in the 1st Room on the 1st Floor', 70, 1, '2023-10-07 07:08:12', '2023-10-17 07:06:47', 0, 0, NULL, 0),
(108, '-----', 'ID-3/8 T-3/8', 'It provides thermal insulation to prevent heat loss or gain and helps to maintain temperature control in the pipes. Additionally, it serves to reduce condensation on the pipes, which is important in many applications. ', 'Rubber Insulation Tube', 'product-1697001520.png', 19, 'Back Storage of the Garage in the 1st Room on the 1st Floor', 65, 1, '2023-10-07 07:08:38', '2023-10-17 07:06:19', 0, 0, NULL, 0),
(109, '-----', 'ID-1/4 T-3/8', 'This type of rubber insulation tube is commonly used in various applications, including HVAC (Heating, Ventilation, and Air Conditioning) systems, refrigeration, and plumbing. It provides thermal insulation to prevent heat loss or gain and helps to maintain temperature control in pipes and tubing. ', 'Rubber Insulation Tube', 'product-1697001027.png', 13, 'Back Storage of the Garage in the 1st Room on the 1st Floor', 60, 1, '2023-10-07 07:10:01', '2023-10-17 07:06:03', 0, 0, NULL, 0),
(110, 'YL-7661', 'Ford Ranger ', 'The primary function of the Ford Ranger Resistor Block is to control the speed of the blower motor.', 'Resistor Block', 'product-1697000044.png', 10, 'Under the Counter', 1500, 1, '2023-10-07 07:12:36', '2023-10-17 06:59:56', 0, 0, NULL, 0),
(111, '-------', 'Toyota Corolla', 'The primary function of the Toyota Corolla Resistor Block is to control the speed of the blower motor.', 'Resistor Block', 'product-1696999320.png', 8, 'Under the Counter', 2500, 1, '2023-10-07 07:13:12', '2023-10-17 06:59:45', 0, 0, NULL, 0),
(112, 'YL-7625', 'DMAX ', 'The primary function of the DMAX Resistor Block is to control the speed of the blower motor. ', 'Resistor Block', 'product-1696999151.png', 9, 'Under the Counter', 2000, 1, '2023-10-07 07:14:22', '2023-10-17 06:59:32', 0, 0, NULL, 0),
(113, 'YL-7564', 'ISUZU FUEGO', 'This resistor allowing you to stay cool in hot weather and warm in cold weather and controls the fan speed.', 'Resistor Block', 'product-1696998751.png', 6, 'Under the Counter', 2000, 1, '2023-10-07 07:15:01', '2023-10-17 06:59:12', 0, 0, NULL, 0),
(114, '-----', '18-22 MFD 220V', 'The 18-22 MFD 220V Capacitor is an electrical component designed to store and release electrical energy. It is commonly used in electric motor applications to help start and run the motor efficiently. ', 'Capacitor', 'product-1696997789.png', 22, 'Back Shelf Left Corner', 320, 1, '2023-10-07 07:16:07', '2023-10-17 04:05:18', 0, 0, NULL, 0),
(115, '-----', '21-25 MFD 220V', 'These capacitors are commonly used in appliances and equipment with motors, such as air conditioners, refrigerators, and pool pumps, to facilitate their reliable and effective operation.', 'Capacitor', 'product-1696997649.png', 23, 'Back Shelf Left Corner', 275, 1, '2023-10-07 07:18:22', '2023-10-17 04:05:03', 0, 0, NULL, 0),
(116, '-----', '25-30 MFD 220V', ' Its primary purpose is to assist in the starting of motors by providing an initial electrical boost. This boost helps motors overcome the initial resistance during startup, ensuring a smooth and efficient operation. ', 'Capacitor', 'product-1696997517.png', 26, 'Back Shelf Left Corner', 500, 1, '2023-10-07 07:18:53', '2023-10-17 04:04:16', 0, 0, NULL, 0),
(117, '-----', '36-43 MFD 220V', ' This boost helps motors overcome the initial resistance during startup, ensuring a smooth and efficient operation. Capacitors like these are commonly used in appliances like air conditioners, refrigerators, and other motor-driven devices, contributing to their reliable and effective performance.', 'Capacitor', 'product-1696997137.png', 12, 'Back Shelf Left Corner', 280, 1, '2023-10-07 07:19:25', '2023-10-17 04:03:59', 0, 0, NULL, 0),
(118, '-----', '43-52 MFD 220V', 'Its primary purpose is to assist in starting the motor by providing an initial electrical boost. This helps the motor overcome resistance during startup and ensures a smooth and efficient operation. ', 'Capacitor', 'product-1696996671.png', 19, 'Back Shelf Left Corner', 330, 1, '2023-10-07 07:20:02', '2023-10-17 04:03:45', 0, 0, NULL, 0),
(119, '-----', '47-56 MFD 220V', 'It assists the motor during startup by providing an electrical boost, helping to overcome initial resistance and ensuring that the motor begins running smoothly. ', 'Capacitor', 'product-1696996645.png', 19, 'Back Shelf Left Corner', 288, 1, '2023-10-07 07:20:31', '2023-10-17 04:03:30', 0, 0, NULL, 0),
(120, '-----', '53-64 MFD 220V', 'This capacitor are commonly used in air conditioning units, compressors, and other motor-driven devices to ensure that the motor starts efficiently and operates effectively.', 'Capacitor', 'product-1696996480.png', 29, 'Back Shelf Left Corner', 415, 1, '2023-10-07 07:21:05', '2023-10-17 03:51:43', 0, 0, NULL, 0),
(121, '-----', '64-77 MFD 250V', ' Its primary purpose is to provide an additional electrical boost during the startup of the compressor motor, helping it overcome initial resistance and ensuring a smooth and efficient start. ', 'Capacitor', 'product-1696996349.png', 25, 'Back Shelf Left Corner', 1500, 1, '2023-10-07 07:21:51', '2023-10-17 04:13:58', 0, 0, NULL, 0),
(122, '-----', '72-86 MFD 220V', 'Its main purpose is to store and release electrical energy when needed to assist in starting electric motors.', 'Capacitor', 'product-1696996218.png', 26, 'Back Shelf Left Corner', 450, 1, '2023-10-07 07:22:28', '2023-10-17 03:51:30', 0, 0, NULL, 0),
(123, '-----', '88-106 MFD 220V', 'This type of capacitor plays a crucial role in the initial startup of motors, providing the required electrical boost for a smooth and reliable operation.', 'Capacitor', 'product-1696996144.png', 12, 'Back Shelf Left Corner', 450, 1, '2023-10-07 07:23:02', '2023-10-17 03:51:17', 0, 0, NULL, 0),
(124, '-----', '108-130 MFD 220V', 'This type of capacitor assists in the initial startup of motors, providing the necessary electrical boost to ensure a smooth and reliable operation.', 'Capacitor', 'product-1696995777.png', 12, 'Back Shelf Left Corner', 400, 1, '2023-10-07 07:23:49', '2023-10-17 03:51:05', 0, 0, NULL, 0),
(125, '-----', '124-149 MFD 220V', 'This capacitor helps motors start smoothly by providing an extra electrical boost during the initial startup phase, ensuring that the equipment operates effectively and reliably', 'Capacitor', 'product-1696995505.png', 12, 'Back Shelf Left Corner', 510, 1, '2023-10-07 07:24:32', '2023-10-17 03:50:51', 0, 0, NULL, 0),
(126, '-----', '130-156 MFD 220V', 'This capacitor provides an extra boost of power to help the motor overcome initial resistance and achieve a smooth and efficient start, ensuring the proper operation of the equipment.', 'Capacitor', 'product-1696995442.png', 12, 'Back Shelf Left Corner', 450, 1, '2023-10-07 07:24:57', '2023-10-17 03:50:38', 0, 0, NULL, 0),
(127, '-----', '145-174 MFD 220V', 'Helps the motor overcome initial resistance and ensures a smooth and efficient start, which is vital for the proper functioning of the equipment.', 'Capacitor', 'product-1696995329.png', 12, 'Back Shelf Left Corner', 450, 1, '2023-10-07 07:25:28', '2023-10-17 03:50:23', 0, 0, NULL, 0),
(128, '-----', '161-193 MFD 220V', 'Its primary purpose is to assist in starting these motors by providing an initial surge of electrical energy. This helps ensure a smooth and efficient startup of the motor, which is crucial for the proper functioning of the equipment.', 'Capacitor', 'product-1696995088.png', 20, 'Back Shelf Left Corner', 450, 1, '2023-10-07 07:26:00', '2023-10-17 03:50:10', 0, 0, NULL, 0),
(129, '-----', '189-227 MFD 220V', 'Its primary purpose is to assist in starting the motor by providing an initial surge of power, and it also helps maintain a stable and efficient operation of the equipment.', 'Capacitor', 'product-1696994666.png', 12, 'Back Shelf Left Corner', 450, 1, '2023-10-07 07:26:47', '2023-10-17 03:48:25', 0, 0, NULL, 0),
(130, '-----', '200-240 MFD 220V', 'It plays a crucial role in regulating the electrical current, ensuring that the motor or machine operates smoothly and efficiently.', 'Capacitor', 'product-1696994260.png', 21, 'Back Shelf Left Corner', 450, 1, '2023-10-07 07:27:12', '2023-10-17 03:48:15', 0, 0, NULL, 0),
(131, '-----', '216-259 MFD 220V', 'Its main purpose is to assist in starting and running these devices by storing and releasing electrical energy, ensuring they function efficiently and reliably.', 'Capacitor', 'product-1696994166.png', 26, 'Back Shelf Left Corner', 450, 1, '2023-10-07 07:27:44', '2023-10-17 03:48:01', 0, 0, NULL, 0),
(132, '-----', '233-280 MFD 220V', 'Its primary purpose is to help these devices start and run more efficiently by storing and releasing electrical energy as needed, which can improve their overall performance.', 'Capacitor', 'product-1696994058.png', 20, 'Back Shelf Left Corner', 450, 1, '2023-10-07 07:28:26', '2023-10-17 03:47:47', 0, 0, NULL, 0),
(133, '-----', '243-292 MFD 220V', 'It helps with starting and running electric motors by providing the necessary capacitance and energy storage.', 'Capacitor', 'product-1696993967.png', 13, 'Back Shelf Left Corner', 450, 1, '2023-10-07 07:29:56', '2023-10-17 03:47:29', 0, 0, NULL, 0),
(134, '-----', '250-300 MFD 220V', 'is an electrical component designed to store and release electrical energy to help start and run electric motors efficiently in various appliances and systems.\r\n\r\n\r\n\r\n\r\n', 'Capacitor', 'product-1696993713.png', 16, 'Back Shelf Left Corner', 450, 1, '2023-10-07 07:30:25', '2023-10-17 03:47:16', 0, 0, NULL, 0),
(135, '-----', '270-324 MFD 220V', ' Used to store and release electrical energy as needed to smooth out voltage fluctuations and ensure stable power supply in various electrical systems and appliances.', 'Capacitor', 'product-1696993603.png', 13, 'Back Shelf Left Corner', 450, 1, '2023-10-07 07:30:49', '2023-10-17 03:46:43', 0, 0, NULL, 0),
(136, '-----', '280-336 MFD 220V', 'The 280-336 MFD 220V Capacitor in a car serves to stabilize voltage, reduce audio system strain, and prevent voltage fluctuations during high-demand periods, ensuring optimal audio performance.', 'Capacitor', 'product-1696993544.png', 17, 'Back Shelf Left Corner', 450, 1, '2023-10-07 07:31:16', '2023-10-17 03:46:32', 0, 0, NULL, 0),
(137, '-----', '300-360 MFD 220V', 'This capacitor is an electrical component designed to store and release electrical energy in various applications.', 'Capacitor', 'product-1696993123.png', 19, 'Back Shelf Left Corner', 450, 1, '2023-10-07 07:31:38', '2023-10-17 03:43:05', 0, 0, NULL, 0),
(138, '-----', '324-389 MFD 220V', 'This capacitor is an electrical component used in various applications for storing and releasing electrical energy.', 'Capacitor', 'product-1696992775.png', 15, 'Back Shelf Left Corner', 460, 1, '2023-10-07 07:32:03', '2023-10-17 03:42:52', 0, 0, NULL, 0),
(139, '-----', '340-408 MFD 220V', 'They are essential for enhancing the performance and efficiency of electrical equipment.', 'Capacitor', 'product-1696992449.png', 11, 'Back Shelf Left Corner', 460, 1, '2023-10-07 07:32:31', '2023-10-17 03:42:39', 0, 0, NULL, 0),
(140, '-----', '378-454 MFD 220V', 'They play a significant role in improving the efficiency and performance of electrical equipment.', 'Capacitor', 'product-1696761552.jpg', 26, 'Back Shelf Left Corner', 450, 1, '2023-10-07 07:33:05', '2023-10-17 03:42:27', 0, 0, NULL, 0),
(141, '-----', '400-480 MFD 220V', 'Are commonly used in applications such as motor starting, lighting, and power factor correction.', 'Capacitor', 'product-1696992647.png', 11, 'Back Shelf Left Corner', 460, 1, '2023-10-07 07:33:35', '2023-10-17 03:42:16', 0, 0, NULL, 0),
(142, '-----', '430-516 MFD 220V', ' Are vital for ensuring their effective and safe use in electrical systems.\r\n\r\n\r\n\r\n\r\n', 'Capacitor', 'product-1696992517.png', 11, 'Back Shelf Left Corner', 460, 1, '2023-10-07 07:34:06', '2023-10-17 03:41:55', 0, 0, NULL, 0),
(143, '-----', '460-548 MFD 220V', 'This capacitor is an electrical component designed for storing and releasing electrical energy in various electrical circuits and systems.', 'Capacitor', 'product-1696992382.png', 11, 'Back Shelf Left Corner', 450, 1, '2023-10-07 07:34:37', '2023-10-17 03:41:30', 0, 0, NULL, 0),
(144, '-----', '590-708 MFD 220V', ' Are commonly used in a variety of electrical applications, including motor starting and power factor correction.', 'Capacitor', 'product-1696992231.png', 9, 'Back Shelf Left Corner', 460, 1, '2023-10-07 07:35:07', '2023-10-17 03:41:13', 0, 0, NULL, 0),
(145, '-----', '540-648 MFD 220V', 'This capacitor is an electrical component used to store and release electrical energy in various applications.', 'Capacitor', 'product-1696992054.jpg', 12, 'Back Shelf Left Corner', 450, 1, '2023-10-07 07:36:13', '2023-10-17 03:41:02', 0, 0, NULL, 0),
(146, '-----', '645-774 MFD 220V', 'This capacitor is designed to store electrical energy and release it as needed in electrical circuits.', 'Capacitor', 'product-1696991943.jpg', 12, 'Back Shelf Left Corner', 460, 1, '2023-10-07 07:36:47', '2023-10-17 03:40:45', 0, 0, NULL, 0),
(147, '-----', '708-850  110V', 'This capacitor is essential to maintain the performance and longevity of electronic devices or systems.', 'Capacitor', 'product-1696760791.jpg', 12, 'Back Shelf Left Corner', 460, 1, '2023-10-07 07:37:28', '2023-10-17 03:40:35', 0, 0, NULL, 0),
(148, '-----', '15 + 1.5 UF 450V', 'This capacitor is essential components in many circuits, providing energy storage and power factor correction.', 'Capacitor', 'product-1696816763.jpg', 12, 'Back Shelf Left Corner', 460, 1, '2023-10-07 07:38:22', '2023-10-17 03:40:24', 0, 0, NULL, 0),
(149, '-----', '15 + 2 UF 370V dual', 'This capacitor is crucial for the efficient and reliable operation of air conditioning systems.', 'Capacitor', 'product-1696816678.jpg', 12, 'Back Shelf Left Corner', 460, 1, '2023-10-07 07:39:11', '2023-10-17 03:40:13', 0, 0, NULL, 0),
(150, '-----', '15 + 4 UF 450V ', 'Capacitors are commonly used in electrical circuits to store and release energy, ', 'Capacitor', 'product-1696705710.jpg', 10, 'Back Shelf Left Corner', 460, 1, '2023-10-07 07:39:55', '2023-10-17 03:39:57', 0, 0, NULL, 0),
(151, '-----', '15 + 3 UF 450V dual', 'This dual capacitor is designed for electrical applications', 'Capacitor', 'product-1696816532.jpg', 10, 'Back Shelf Left Corner', 502, 1, '2023-10-07 07:40:33', '2023-10-17 03:39:43', 0, 0, NULL, 0),
(152, '-----', '15 + 5 450V dual', 'This dual capacitor is designed to operate at a voltage of 450V, making it suitable for electrical systems or devices that require or operate at this voltage level.', 'Capacitor', 'product-1696816219.jpg', 18, 'Back Shelf Left Corner', 460, 1, '2023-10-07 07:41:15', '2023-10-17 03:39:33', 0, 0, NULL, 0),
(153, '-----', '15 + 7 450V dual', 'Dual capacitors like this one are often used in air conditioning units, fans, or other appliances where different capacitance values are required for different functions within the same device.', 'Capacitor', 'product-1696705728.jpg', 16, 'Back Shelf Left Corner', 460, 1, '2023-10-07 07:41:48', '2023-10-17 03:39:20', 0, 0, NULL, 0),
(154, '-----', 'R600a SP-20 LUBRICANT', 'R600a SP-20 Lubricant is a type of refrigerant oil specially formulated for use in refrigeration systems.', 'Refrigerant Oil', 'product-1696734336.jpg', 30, 'Top Shelf Right corner', 250, 1, '2023-10-08 05:05:36', '2023-10-17 04:40:10', 0, 0, NULL, 0),
(156, '----', '1260-1512 110V', 'The 1260-1512 110V capacitor is an electrical component used for energy storage and electrical circuit applications.', 'Capacitor', 'product-1696761105.jpg', 25, 'Back Shelf Left Corner', 1100, 1, '2023-10-08 12:31:45', '2023-10-17 03:39:03', 0, 0, NULL, 0),
(157, '----', 'CD 1175-1410 110V', 'The CD 1175-1410 110V capacitor is an electrical component designed to store and release electrical energy.', 'Capacitor', 'product-1696761239.jpg', 25, 'Back Shelf Left Corner', 1100, 1, '2023-10-08 12:33:59', '2023-10-17 03:38:48', 0, 0, NULL, 0),
(158, '-----', 'Magnetic Coil', 'A magnetic coil, also known as an electromagnet or solenoid, is an electrical component designed to generate a magnetic field when an electric current flows through it.', 'Compressor Parts', 'product-1696815583.jpg', 15, 'Front Under the Counter', 1500, 1, '2023-10-08 12:43:28', '2023-10-17 03:34:57', 0, 0, NULL, 0),
(159, 'CUX', ' Bearing ', 'Bearings play a vital role in maintaining the proper functioning of compressors in industrial, automotive, and HVAC (Heating, Ventilation, and Air Conditioning) systems, among others', 'Compressor Parts', 'product-1696815422.jpg', 21, 'Front Under the Counter', 400, 1, '2023-10-08 12:44:19', '2023-10-17 03:33:35', 0, 0, NULL, 0),
(160, 'CPAFC 1133', 'CLUTCH PULLEY ASSY (INNOVA)', 'Auto Car Air AC Compressor Clutch Pulley Assembly For TOYOTA INNOVA', 'Compressor', 'product-1696762560.jpeg', 50, 'Back Storage of the Establishment', 3500, 1, '2023-10-08 12:56:00', '2023-10-17 04:19:00', 0, 0, NULL, 0),
(161, 'LHQ070A5', 'CLUTCH PULLEY ASSY (HONDA)', 'Auto Car Air AC Compressor Clutch Pulley Assembly For HONDA', 'Compressor Parts', 'product-1696762712.jpg', 32, 'Front Under the Counter', 3500, 1, '2023-10-08 12:58:32', '2023-10-17 03:34:45', 0, 0, NULL, 0),
(162, 'LHQ042H6', 'CLUTCH PULLEY ASSY (FORD)', 'Auto Car Air AC Compressor Clutch Pulley Assembly For FORD', 'Compressor Parts', 'product-1696763321.gif', 30, 'Front Under the Counter', 3500, 1, '2023-10-08 13:08:41', '2023-10-17 03:34:35', 0, 0, NULL, 0),
(163, 'CRXX-CW', 'CLUTCH PULLEY ASSY (MALDA)', 'Auto Car Air AC Compressor Clutch Pulley Assembly For MALDA', 'Compressor Parts', 'product-1696763514.jpg', 10, 'Front Under the Counter', 3500, 1, '2023-10-08 13:11:54', '2023-10-17 03:34:24', 0, 0, NULL, 0),
(164, 'CUXX-Z', 'CLUTCH PULLEY ASSY (HILUX)', 'Auto Car Air AC Compressor Clutch Pulley Assembly For TOYOTA HILUX', 'Compressor Parts', 'product-1696763650.jpeg', 20, 'Front Under the Counter', 3500, 1, '2023-10-08 13:14:10', '2023-10-17 03:34:09', 0, 0, NULL, 0),
(165, 'CRXX-Z', 'CLUTCH PULLEY ASSY (HYUNDAI)', 'Auto Car Air AC Compressor Clutch Pulley Assembly For  HYUNDAI G-STAREX', 'Compressor Parts', 'product-1696763957.jpg', 15, 'Front Under the Counter', 3500, 1, '2023-10-08 13:19:17', '2023-10-17 03:33:56', 0, 0, NULL, 0),
(166, 'LHD', 'SPACE GEAR (MITSUBISHI)', 'The LHD Space Gear by Mitsubishi is a left-hand drive version of the Space Gear model, ideal for comfortable and practical driving experiences.', 'Evaporator', 'product-1696767849.jpg', 11, 'Back Storage of the Garage in the 2nd Room on the 1st Floor', 3000, 1, '2023-10-08 14:18:08', '2023-10-17 07:10:03', 0, 0, NULL, 0),
(167, 'CNXX-T', 'SPACE GEAR (MITSUBISHI)', 'to provide a spacious and versatile vehicle, suitable for various needs such as family transportation, cargo hauling, or recreational activities. Its designed to offer comfort, ample interior space, ', 'Evaporator', 'product-1696767722.jpeg', 23, 'Back Storage of the Garage in the 2nd Room on the 1st Floor', 3000, 1, '2023-10-08 14:22:02', '2023-10-17 07:09:46', 0, 0, NULL, 0),
(168, 'RHD', 'SPACE GEAR (MITSUBISHI)', 'The purpose of the RHD (Right-Hand Drive) Space Gear in a Mitsubishi car is to offer a vehicle with the steering wheel on the right side, making it suitable for regions where driving on the left side ', 'Evaporator', 'product-1696767988.jpeg', 12, 'Back Storage of the Garage in the 2nd Room on the 1st Floor', 3000, 1, '2023-10-08 14:26:28', '2023-10-17 07:09:03', 0, 0, NULL, 0),
(169, 'YF8 ', 'Delica ECX-FPT', 'The purpose of a shaft seal in a car is to prevent the leakage of fluids, such as oil or transmission fluid, from the components where a shaft rotates. It ensures that the fluid stays contained within', 'Others', 'product-1696769105.jpeg', 23, 'Back Shelf Right Corner', 850, 1, '2023-10-08 14:32:52', '2023-10-17 07:03:17', 0, 0, NULL, 0),
(170, '----', 'ALUMINUM ROD', 'Aluminum rods are commonly used in various parts of a car, such as engine components, suspension systems, or structural elements, due to their lightweight and durable nature.', 'Rod', 'product-1696768560.jpeg', 10, 'Front Under the Counter', 15, 1, '2023-10-08 14:35:19', '2023-10-17 04:22:51', 0, 0, NULL, 0),
(171, '----', 'SILVER ROD', ' Silver Rod can be used for different purposes in different parts of a vehicle.', 'Rod', 'product-1696768707.jpeg', 30, 'Front Under the Counter', 30, 1, '2023-10-08 14:38:27', '2023-10-17 04:22:42', 0, 0, NULL, 0),
(172, '----', 'S-1/4 T-0.032', 'Copper tubes are commonly used in cars for various purposes, including as part of the cooling system, brake lines, or fuel lines. The specific size, like 0.022, may indicate a particular diameter or t', 'Copper Tube', 'product-1696768930.jpeg', 14, '1st Storage Room Shelf 2', 1604, 1, '2023-10-08 14:42:10', '2023-10-18 13:16:31', 0, 0, NULL, 0),
(173, '----', 'S-1/4 T-0.028', 'The specific size, 0.028 inches, could indicate a certain diameter or thickness, but its purpose would depend on its location within the vehicle and the system it is a part of.', 'Copper Tube', 'product-1696769071.jpeg', 20, '1st Storage Room Shelf 2', 1320, 1, '2023-10-08 14:44:31', '2023-10-18 13:15:40', 0, 0, NULL, 0),
(174, 'CXX ', 'OUTLANDER (MONTERO ENGINE FILTER)', 'The air filter prevents dust, dirt, and other debris from entering the engines combustion chambers. Clean air is essential for efficient combustion and helps protect the engine from damage caused by ', 'Engine Filter', 'product-1696769368.jpeg', 15, 'Back Shelf Right Corner', 600, 1, '2023-10-08 14:49:28', '2023-10-17 07:02:41', 0, 0, NULL, 0),
(175, 'EXX-Z', 'OUTLANDER (MONTERO)', 'To prevents dust, dirt, and other debris from entering the engines combustion chambers', 'Others', 'product-1696769526.jpeg', 20, 'Back Shelf Right Corner', 600, 1, '2023-10-08 14:52:06', '2023-10-17 07:02:58', 0, 0, NULL, 0),
(176, 'EX', 'OUTLANDER (PASERO)', 'Allows the engine to receive the optimal air-to-fuel ratio, promoting efficient combustion and, consequently, better fuel efficiency.', 'Others', 'product-1696769773.jpeg', 20, 'Back Shelf Right Corner', 600, 1, '2023-10-08 14:56:13', '2023-10-17 07:00:44', 0, 0, NULL, 0),
(177, '-----', 'ID-1/4 T-1/2', 'It is designed to provide efficient thermal insulation and protection for smaller pipes and tubing in various applications.', 'Rubber Insulation Tube', 'product-1697002720.jpg', 30, 'Back Storage of the Garage in the 1st Room on the 1st Floor', 90, 33, '2023-10-11 05:38:40', '2023-10-17 07:05:50', 0, 0, NULL, 0);
INSERT INTO `products` (`id`, `item_code`, `product_name`, `description`, `category`, `img`, `stocks`, `p_location`, `price`, `created_by`, `created_at`, `updated_at`, `status`, `click_notif`, `deleted_at`, `deleted`) VALUES
(178, '-----', 'ID-3/8 T-1/2', 'It is designed to offer insulation and prevent moisture buildup in smaller pipes and tubing, making it suitable for various industrial and construction applications.', 'Rubber Insulation Tube', 'product-1697003211.png', 30, 'Back Storage of the Garage in the 1st Room on the 1st Floor', 95, 33, '2023-10-11 05:46:51', '2023-10-17 07:05:39', 0, 0, NULL, 0),
(179, '-----', 'ID-1/2 T-1/2', 'Featuring an inner diameter (ID) of 1/2 inch and a thickness (T) of 1/2 inch, this rubber insulation tube provides effective thermal insulation.', 'Rubber Insulation Tube', 'product-1697003991.jpg', 30, 'Back Storage of the Garage in the 1st Room on the 1st Floor', 100, 33, '2023-10-11 05:59:51', '2023-10-17 07:05:25', 0, 0, NULL, 0),
(180, '-----', 'ID-5/8 T-1/2', 'It helps in preventing heat loss and condensation, making it valuable for HVAC and plumbing applications.', 'Rubber Insulation Tube', 'product-1697004213.jpg', 30, 'Back Storage of the Garage in the 1st Room on the 1st Floor', 110, 33, '2023-10-11 06:03:33', '2023-10-17 07:05:15', 0, 0, NULL, 0),
(181, '-----', 'ID-3/4 T-1/2', 'It is ideal for insulating pipes and tubes to maintain consistent temperatures and energy efficiency.', 'Rubber Insulation Tube', 'product-1697004716.jpg', 30, 'Back Storage of the Garage in the 1st Room on the 1st Floor', 120, 33, '2023-10-11 06:11:56', '2023-10-17 07:05:00', 0, 0, NULL, 0),
(182, '-----', 'ID-7/8 T-1/2', 'It is designed for insulating pipes and tubes in various applications, providing thermal protection and preventing condensation.', 'Rubber Insulation Tube', 'product-1697005051.png', 30, 'Back Storage of the Garage in the 1st Room on the 1st Floor', 150, 33, '2023-10-11 06:15:27', '2023-10-17 07:04:48', 0, 0, NULL, 0),
(183, '-----', 'Suniso 3GS', 'Refrigerant oil also helps maintain a proper seal in the compressor, preventing the refrigerant gas from leaking out and maintaining system efficiency.', 'Refrigerant Oil', 'product-1697431765.jpg', 24, '1st Storage Room Shelf 1', 600, 34, '2023-10-16 04:49:25', '2023-10-18 13:01:02', 0, 0, NULL, 0),
(184, '-----', 'EMKARATE', '', 'Refrigerant Oil', 'product-1697632543.jpg', 16, '1st Storage Room Shelf 1', 600, 34, '2023-10-18 12:35:43', '2023-10-18 13:00:21', 0, 0, NULL, 0),
(185, '-----', 'Suniso 4GS', '', 'Refrigerant Oil', 'product-1697633217.jpg', 9, '1st Storage Room Shelf 1', 900, 34, '2023-10-18 12:46:57', '2023-10-18 13:00:48', 0, 0, NULL, 0),
(186, '-----', 'Suniso 5GS', '', 'Refrigerant Oil', 'product-1697633635.jpg', 8, '1st Storage Room Shelf 1', 900, 34, '2023-10-18 12:53:55', '2023-10-18 13:00:35', 0, 0, NULL, 0),
(187, '-----', 'S-1/4 T-0.022', '', 'Copper Tube', 'product-1697634310.jpeg', 6, '1st Storage Room Shelf 2', 1071, 34, '2023-10-18 13:05:10', '2023-10-18 13:41:18', 0, 0, NULL, 0),
(188, '-----', 'S-3/16, T-0.022', '', 'Copper Tube', 'product-1697634865.jpeg', 13, '1st Storage Room Shelf 2', 850, 34, '2023-10-18 13:14:25', '2023-10-18 13:45:10', 0, 0, NULL, 0),
(189, '-----', 'S-5/16, T-0.028', '', 'Copper Tube', 'product-1697635107.jpeg', 12, '1st Storage Room Shelf 2', 1690, 34, '2023-10-18 13:18:27', '2023-10-18 13:44:37', 0, 0, NULL, 0),
(190, '-----', 'S-3/8, T-0.022', '', 'Copper Tube', 'product-1697635200.jpeg', 8, '1st Storage Room Shelf 2', 1643, 34, '2023-10-18 13:20:00', '2023-10-18 13:35:36', 0, 0, NULL, 0),
(191, '-----', 'S-3/8, T-0.028', '', 'Copper Tube', 'product-1697635294.jpeg', 12, '1st Storage Room Shelf 2', 2057, 34, '2023-10-18 13:21:34', '2023-10-18 13:43:59', 0, 0, NULL, 0),
(192, '-----', 'S-3/8, T-0.032', '', 'Copper Tube', 'product-1697635422.jpeg', 14, '1st Storage Room Shelf 2', 2305, 34, '2023-10-18 13:23:42', '2023-10-18 13:43:43', 0, 0, NULL, 0),
(193, '-----', 'S-1/2, T-0.022', '', 'Copper Tube', 'product-1697635549.jpeg', 9, '1st Storage Room Shelf 2', 2430, 34, '2023-10-18 13:25:49', '2023-10-18 13:43:32', 0, 0, NULL, 0),
(194, '-----', 'S-1/2, T-0.028', '', 'Copper Tube', 'product-1697635627.jpeg', 13, '1st Storage Room Shelf 2', 2820, 34, '2023-10-18 13:27:07', '2023-10-18 13:43:07', 0, 0, NULL, 0),
(195, '-----', 'S-1/2, T-0.032', '', 'Copper Tube', 'product-1697635721.jpeg', 12, '1st Storage Room Shelf 2', 3190, 34, '2023-10-18 13:28:41', '2023-10-18 13:42:49', 0, 0, NULL, 0),
(196, '-----', 'S-5/8, T-0.022', '', 'Copper Tube', 'product-1697635803.jpeg', 15, '1st Storage Room Shelf 2', 2812, 34, '2023-10-18 13:30:03', '2023-10-18 13:42:35', 0, 0, NULL, 0),
(197, '-----', 'S-5/8, T-0.028', '', 'Copper Tube', 'product-1697635880.jpeg', 15, '1st Storage Room Shelf 2', 3534, 34, '2023-10-18 13:31:20', '2023-10-18 13:42:10', 0, 0, NULL, 0),
(198, '-----', 'S-5/8, T-0.032', '', 'Copper Tube', 'product-1697635932.jpeg', 15, '1st Storage Room Shelf 2', 4030, 34, '2023-10-18 13:32:12', '2023-10-18 13:42:22', 0, 0, NULL, 0),
(199, '-----', 'S-3/4, T-0.028', '', 'Copper Tube', 'product-1697635999.jpeg', 14, '1st Storage Room Shelf 2', 4308, 34, '2023-10-18 13:33:19', '2023-10-18 13:41:50', 0, 0, NULL, 0),
(200, '-----', 'S-3/4, T-0.032', '', 'Copper Tube', 'product-1697636390.jpeg', 7, '1st Storage Room Shelf 2', 4881, 34, '2023-10-18 13:39:50', '2023-10-18 13:41:31', 0, 0, NULL, 0);

-- --------------------------------------------------------

--
-- Table structure for table `productsuppliers`
--

DROP TABLE IF EXISTS `productsuppliers`;
CREATE TABLE IF NOT EXISTS `productsuppliers` (
  `id` int NOT NULL AUTO_INCREMENT,
  `supplier` int NOT NULL,
  `product` int NOT NULL,
  `updated_at` datetime NOT NULL,
  `created_at` datetime NOT NULL,
  PRIMARY KEY (`id`)
) ENGINE=InnoDB AUTO_INCREMENT=1181 DEFAULT CHARSET=utf8mb4 COLLATE=utf8mb4_general_ci;

--
-- Dumping data for table `productsuppliers`
--

INSERT INTO `productsuppliers` (`id`, `supplier`, `product`, `updated_at`, `created_at`) VALUES
(51, 10, 0, '2023-08-31 05:27:18', '2023-08-31 05:27:18'),
(52, 0, 0, '2023-08-31 05:30:14', '2023-08-31 05:30:14'),
(78, 10, 15, '0000-00-00 00:00:00', '0000-00-00 00:00:00'),
(92, 8, 13, '0000-00-00 00:00:00', '0000-00-00 00:00:00'),
(98, 8, 17, '0000-00-00 00:00:00', '0000-00-00 00:00:00'),
(99, 9, 17, '0000-00-00 00:00:00', '0000-00-00 00:00:00'),
(105, 11, 13, '2023-09-17 15:55:42', '2023-09-17 15:55:42'),
(106, 11, 14, '2023-09-17 15:55:42', '2023-09-17 15:55:42'),
(107, 11, 15, '2023-09-17 15:55:42', '2023-09-17 15:55:42'),
(162, 9, 11, '0000-00-00 00:00:00', '0000-00-00 00:00:00'),
(163, 11, 11, '0000-00-00 00:00:00', '0000-00-00 00:00:00'),
(919, 16, 159, '0000-00-00 00:00:00', '0000-00-00 00:00:00'),
(920, 16, 165, '0000-00-00 00:00:00', '0000-00-00 00:00:00'),
(921, 18, 165, '0000-00-00 00:00:00', '0000-00-00 00:00:00'),
(922, 16, 164, '0000-00-00 00:00:00', '0000-00-00 00:00:00'),
(923, 18, 164, '0000-00-00 00:00:00', '0000-00-00 00:00:00'),
(924, 17, 163, '0000-00-00 00:00:00', '0000-00-00 00:00:00'),
(925, 18, 163, '0000-00-00 00:00:00', '0000-00-00 00:00:00'),
(926, 17, 162, '0000-00-00 00:00:00', '0000-00-00 00:00:00'),
(927, 18, 162, '0000-00-00 00:00:00', '0000-00-00 00:00:00'),
(928, 22, 161, '0000-00-00 00:00:00', '0000-00-00 00:00:00'),
(929, 16, 158, '0000-00-00 00:00:00', '0000-00-00 00:00:00'),
(930, 18, 102, '0000-00-00 00:00:00', '0000-00-00 00:00:00'),
(931, 18, 101, '0000-00-00 00:00:00', '0000-00-00 00:00:00'),
(932, 18, 100, '0000-00-00 00:00:00', '0000-00-00 00:00:00'),
(933, 18, 99, '0000-00-00 00:00:00', '0000-00-00 00:00:00'),
(934, 18, 98, '0000-00-00 00:00:00', '0000-00-00 00:00:00'),
(935, 18, 97, '0000-00-00 00:00:00', '0000-00-00 00:00:00'),
(936, 19, 157, '0000-00-00 00:00:00', '0000-00-00 00:00:00'),
(937, 19, 156, '0000-00-00 00:00:00', '0000-00-00 00:00:00'),
(938, 19, 153, '0000-00-00 00:00:00', '0000-00-00 00:00:00'),
(939, 19, 152, '0000-00-00 00:00:00', '0000-00-00 00:00:00'),
(940, 19, 151, '0000-00-00 00:00:00', '0000-00-00 00:00:00'),
(941, 19, 150, '0000-00-00 00:00:00', '0000-00-00 00:00:00'),
(942, 19, 149, '0000-00-00 00:00:00', '0000-00-00 00:00:00'),
(943, 19, 148, '0000-00-00 00:00:00', '0000-00-00 00:00:00'),
(944, 19, 147, '0000-00-00 00:00:00', '0000-00-00 00:00:00'),
(945, 19, 146, '0000-00-00 00:00:00', '0000-00-00 00:00:00'),
(946, 19, 145, '0000-00-00 00:00:00', '0000-00-00 00:00:00'),
(947, 19, 144, '0000-00-00 00:00:00', '0000-00-00 00:00:00'),
(948, 19, 143, '0000-00-00 00:00:00', '0000-00-00 00:00:00'),
(949, 19, 142, '0000-00-00 00:00:00', '0000-00-00 00:00:00'),
(950, 19, 141, '0000-00-00 00:00:00', '0000-00-00 00:00:00'),
(951, 19, 140, '0000-00-00 00:00:00', '0000-00-00 00:00:00'),
(952, 19, 139, '0000-00-00 00:00:00', '0000-00-00 00:00:00'),
(953, 19, 138, '0000-00-00 00:00:00', '0000-00-00 00:00:00'),
(954, 19, 137, '0000-00-00 00:00:00', '0000-00-00 00:00:00'),
(955, 19, 43, '0000-00-00 00:00:00', '0000-00-00 00:00:00'),
(956, 19, 44, '0000-00-00 00:00:00', '0000-00-00 00:00:00'),
(957, 19, 45, '0000-00-00 00:00:00', '0000-00-00 00:00:00'),
(958, 19, 46, '0000-00-00 00:00:00', '0000-00-00 00:00:00'),
(959, 19, 47, '0000-00-00 00:00:00', '0000-00-00 00:00:00'),
(960, 19, 48, '0000-00-00 00:00:00', '0000-00-00 00:00:00'),
(961, 19, 136, '0000-00-00 00:00:00', '0000-00-00 00:00:00'),
(962, 19, 135, '0000-00-00 00:00:00', '0000-00-00 00:00:00'),
(963, 19, 49, '0000-00-00 00:00:00', '0000-00-00 00:00:00'),
(964, 19, 134, '0000-00-00 00:00:00', '0000-00-00 00:00:00'),
(965, 19, 133, '0000-00-00 00:00:00', '0000-00-00 00:00:00'),
(966, 19, 132, '0000-00-00 00:00:00', '0000-00-00 00:00:00'),
(967, 19, 131, '0000-00-00 00:00:00', '0000-00-00 00:00:00'),
(968, 19, 130, '0000-00-00 00:00:00', '0000-00-00 00:00:00'),
(969, 19, 129, '0000-00-00 00:00:00', '0000-00-00 00:00:00'),
(970, 19, 50, '0000-00-00 00:00:00', '0000-00-00 00:00:00'),
(971, 19, 51, '0000-00-00 00:00:00', '0000-00-00 00:00:00'),
(972, 19, 52, '0000-00-00 00:00:00', '0000-00-00 00:00:00'),
(973, 19, 53, '0000-00-00 00:00:00', '0000-00-00 00:00:00'),
(974, 19, 128, '0000-00-00 00:00:00', '0000-00-00 00:00:00'),
(975, 19, 127, '0000-00-00 00:00:00', '0000-00-00 00:00:00'),
(976, 19, 126, '0000-00-00 00:00:00', '0000-00-00 00:00:00'),
(977, 19, 125, '0000-00-00 00:00:00', '0000-00-00 00:00:00'),
(978, 19, 124, '0000-00-00 00:00:00', '0000-00-00 00:00:00'),
(979, 19, 123, '0000-00-00 00:00:00', '0000-00-00 00:00:00'),
(980, 19, 122, '0000-00-00 00:00:00', '0000-00-00 00:00:00'),
(981, 19, 120, '0000-00-00 00:00:00', '0000-00-00 00:00:00'),
(982, 19, 119, '0000-00-00 00:00:00', '0000-00-00 00:00:00'),
(983, 19, 118, '0000-00-00 00:00:00', '0000-00-00 00:00:00'),
(984, 19, 117, '0000-00-00 00:00:00', '0000-00-00 00:00:00'),
(985, 19, 116, '0000-00-00 00:00:00', '0000-00-00 00:00:00'),
(986, 19, 115, '0000-00-00 00:00:00', '0000-00-00 00:00:00'),
(987, 19, 114, '0000-00-00 00:00:00', '0000-00-00 00:00:00'),
(988, 19, 89, '0000-00-00 00:00:00', '0000-00-00 00:00:00'),
(989, 19, 88, '0000-00-00 00:00:00', '0000-00-00 00:00:00'),
(990, 19, 87, '0000-00-00 00:00:00', '0000-00-00 00:00:00'),
(991, 19, 86, '0000-00-00 00:00:00', '0000-00-00 00:00:00'),
(992, 19, 85, '0000-00-00 00:00:00', '0000-00-00 00:00:00'),
(993, 19, 84, '0000-00-00 00:00:00', '0000-00-00 00:00:00'),
(994, 19, 54, '0000-00-00 00:00:00', '0000-00-00 00:00:00'),
(995, 19, 55, '0000-00-00 00:00:00', '0000-00-00 00:00:00'),
(996, 19, 83, '0000-00-00 00:00:00', '0000-00-00 00:00:00'),
(997, 19, 82, '0000-00-00 00:00:00', '0000-00-00 00:00:00'),
(998, 19, 81, '0000-00-00 00:00:00', '0000-00-00 00:00:00'),
(999, 19, 80, '0000-00-00 00:00:00', '0000-00-00 00:00:00'),
(1000, 19, 79, '0000-00-00 00:00:00', '0000-00-00 00:00:00'),
(1001, 19, 78, '0000-00-00 00:00:00', '0000-00-00 00:00:00'),
(1002, 19, 77, '0000-00-00 00:00:00', '0000-00-00 00:00:00'),
(1003, 19, 76, '0000-00-00 00:00:00', '0000-00-00 00:00:00'),
(1004, 19, 74, '0000-00-00 00:00:00', '0000-00-00 00:00:00'),
(1005, 19, 73, '0000-00-00 00:00:00', '0000-00-00 00:00:00'),
(1006, 19, 56, '0000-00-00 00:00:00', '0000-00-00 00:00:00'),
(1007, 19, 57, '0000-00-00 00:00:00', '0000-00-00 00:00:00'),
(1008, 19, 72, '0000-00-00 00:00:00', '0000-00-00 00:00:00'),
(1009, 19, 71, '0000-00-00 00:00:00', '0000-00-00 00:00:00'),
(1010, 19, 70, '0000-00-00 00:00:00', '0000-00-00 00:00:00'),
(1011, 19, 69, '0000-00-00 00:00:00', '0000-00-00 00:00:00'),
(1012, 19, 68, '0000-00-00 00:00:00', '0000-00-00 00:00:00'),
(1013, 19, 67, '0000-00-00 00:00:00', '0000-00-00 00:00:00'),
(1014, 19, 58, '0000-00-00 00:00:00', '0000-00-00 00:00:00'),
(1015, 19, 66, '0000-00-00 00:00:00', '0000-00-00 00:00:00'),
(1016, 19, 65, '0000-00-00 00:00:00', '0000-00-00 00:00:00'),
(1017, 19, 64, '0000-00-00 00:00:00', '0000-00-00 00:00:00'),
(1018, 19, 63, '0000-00-00 00:00:00', '0000-00-00 00:00:00'),
(1019, 19, 62, '0000-00-00 00:00:00', '0000-00-00 00:00:00'),
(1020, 19, 59, '0000-00-00 00:00:00', '0000-00-00 00:00:00'),
(1021, 19, 60, '0000-00-00 00:00:00', '0000-00-00 00:00:00'),
(1022, 19, 61, '0000-00-00 00:00:00', '0000-00-00 00:00:00'),
(1023, 22, 121, '0000-00-00 00:00:00', '0000-00-00 00:00:00'),
(1024, 22, 39, '0000-00-00 00:00:00', '0000-00-00 00:00:00'),
(1025, 22, 160, '0000-00-00 00:00:00', '0000-00-00 00:00:00'),
(1026, 22, 40, '0000-00-00 00:00:00', '0000-00-00 00:00:00'),
(1027, 22, 38, '0000-00-00 00:00:00', '0000-00-00 00:00:00'),
(1028, 22, 37, '0000-00-00 00:00:00', '0000-00-00 00:00:00'),
(1030, 22, 36, '0000-00-00 00:00:00', '0000-00-00 00:00:00'),
(1032, 21, 171, '0000-00-00 00:00:00', '0000-00-00 00:00:00'),
(1033, 21, 170, '0000-00-00 00:00:00', '0000-00-00 00:00:00'),
(1038, 23, 96, '0000-00-00 00:00:00', '0000-00-00 00:00:00'),
(1044, 23, 90, '0000-00-00 00:00:00', '0000-00-00 00:00:00'),
(1045, 23, 95, '0000-00-00 00:00:00', '0000-00-00 00:00:00'),
(1046, 23, 91, '0000-00-00 00:00:00', '0000-00-00 00:00:00'),
(1047, 23, 92, '0000-00-00 00:00:00', '0000-00-00 00:00:00'),
(1048, 23, 93, '0000-00-00 00:00:00', '0000-00-00 00:00:00'),
(1049, 23, 94, '0000-00-00 00:00:00', '0000-00-00 00:00:00'),
(1050, 20, 24, '0000-00-00 00:00:00', '0000-00-00 00:00:00'),
(1051, 20, 23, '0000-00-00 00:00:00', '0000-00-00 00:00:00'),
(1052, 20, 22, '0000-00-00 00:00:00', '0000-00-00 00:00:00'),
(1053, 20, 21, '0000-00-00 00:00:00', '0000-00-00 00:00:00'),
(1054, 20, 20, '0000-00-00 00:00:00', '0000-00-00 00:00:00'),
(1055, 20, 19, '0000-00-00 00:00:00', '0000-00-00 00:00:00'),
(1056, 20, 18, '0000-00-00 00:00:00', '0000-00-00 00:00:00'),
(1057, 16, 154, '0000-00-00 00:00:00', '0000-00-00 00:00:00'),
(1058, 18, 113, '0000-00-00 00:00:00', '0000-00-00 00:00:00'),
(1060, 18, 112, '0000-00-00 00:00:00', '0000-00-00 00:00:00'),
(1062, 18, 111, '0000-00-00 00:00:00', '0000-00-00 00:00:00'),
(1064, 18, 110, '0000-00-00 00:00:00', '0000-00-00 00:00:00'),
(1066, 16, 176, '0000-00-00 00:00:00', '0000-00-00 00:00:00'),
(1068, 16, 174, '0000-00-00 00:00:00', '0000-00-00 00:00:00'),
(1069, 16, 175, '0000-00-00 00:00:00', '0000-00-00 00:00:00'),
(1070, 21, 169, '0000-00-00 00:00:00', '0000-00-00 00:00:00'),
(1071, 25, 182, '0000-00-00 00:00:00', '0000-00-00 00:00:00'),
(1072, 25, 181, '0000-00-00 00:00:00', '0000-00-00 00:00:00'),
(1073, 25, 180, '0000-00-00 00:00:00', '0000-00-00 00:00:00'),
(1074, 25, 179, '0000-00-00 00:00:00', '0000-00-00 00:00:00'),
(1075, 25, 178, '0000-00-00 00:00:00', '0000-00-00 00:00:00'),
(1076, 25, 177, '0000-00-00 00:00:00', '0000-00-00 00:00:00'),
(1077, 25, 109, '0000-00-00 00:00:00', '0000-00-00 00:00:00'),
(1078, 25, 108, '0000-00-00 00:00:00', '0000-00-00 00:00:00'),
(1079, 25, 107, '0000-00-00 00:00:00', '0000-00-00 00:00:00'),
(1080, 25, 106, '0000-00-00 00:00:00', '0000-00-00 00:00:00'),
(1081, 25, 105, '0000-00-00 00:00:00', '0000-00-00 00:00:00'),
(1082, 25, 104, '0000-00-00 00:00:00', '0000-00-00 00:00:00'),
(1083, 25, 103, '0000-00-00 00:00:00', '0000-00-00 00:00:00'),
(1085, 18, 167, '0000-00-00 00:00:00', '0000-00-00 00:00:00'),
(1086, 16, 166, '0000-00-00 00:00:00', '0000-00-00 00:00:00'),
(1087, 18, 166, '0000-00-00 00:00:00', '0000-00-00 00:00:00'),
(1088, 16, 35, '0000-00-00 00:00:00', '0000-00-00 00:00:00'),
(1089, 16, 34, '0000-00-00 00:00:00', '0000-00-00 00:00:00'),
(1090, 16, 31, '0000-00-00 00:00:00', '0000-00-00 00:00:00'),
(1091, 16, 30, '0000-00-00 00:00:00', '0000-00-00 00:00:00'),
(1092, 16, 29, '0000-00-00 00:00:00', '0000-00-00 00:00:00'),
(1093, 16, 28, '0000-00-00 00:00:00', '0000-00-00 00:00:00'),
(1094, 16, 27, '0000-00-00 00:00:00', '0000-00-00 00:00:00'),
(1095, 16, 26, '0000-00-00 00:00:00', '0000-00-00 00:00:00'),
(1102, 18, 184, '0000-00-00 00:00:00', '0000-00-00 00:00:00'),
(1103, 18, 186, '0000-00-00 00:00:00', '0000-00-00 00:00:00'),
(1104, 18, 185, '0000-00-00 00:00:00', '0000-00-00 00:00:00'),
(1105, 18, 183, '0000-00-00 00:00:00', '0000-00-00 00:00:00'),
(1112, 21, 173, '0000-00-00 00:00:00', '0000-00-00 00:00:00'),
(1113, 24, 173, '0000-00-00 00:00:00', '0000-00-00 00:00:00'),
(1114, 21, 172, '0000-00-00 00:00:00', '0000-00-00 00:00:00'),
(1115, 24, 172, '0000-00-00 00:00:00', '0000-00-00 00:00:00'),
(1116, 21, 190, '0000-00-00 00:00:00', '0000-00-00 00:00:00'),
(1117, 24, 190, '0000-00-00 00:00:00', '0000-00-00 00:00:00'),
(1118, 21, 187, '0000-00-00 00:00:00', '0000-00-00 00:00:00'),
(1119, 24, 187, '0000-00-00 00:00:00', '0000-00-00 00:00:00'),
(1120, 21, 200, '0000-00-00 00:00:00', '0000-00-00 00:00:00'),
(1121, 24, 200, '0000-00-00 00:00:00', '0000-00-00 00:00:00'),
(1122, 21, 199, '0000-00-00 00:00:00', '0000-00-00 00:00:00'),
(1123, 24, 199, '0000-00-00 00:00:00', '0000-00-00 00:00:00'),
(1124, 21, 197, '0000-00-00 00:00:00', '0000-00-00 00:00:00'),
(1125, 24, 197, '0000-00-00 00:00:00', '0000-00-00 00:00:00'),
(1126, 21, 198, '0000-00-00 00:00:00', '0000-00-00 00:00:00'),
(1127, 24, 198, '0000-00-00 00:00:00', '0000-00-00 00:00:00'),
(1128, 21, 196, '0000-00-00 00:00:00', '0000-00-00 00:00:00'),
(1129, 24, 196, '0000-00-00 00:00:00', '0000-00-00 00:00:00'),
(1130, 21, 195, '0000-00-00 00:00:00', '0000-00-00 00:00:00'),
(1131, 24, 195, '0000-00-00 00:00:00', '0000-00-00 00:00:00'),
(1132, 21, 194, '0000-00-00 00:00:00', '0000-00-00 00:00:00'),
(1133, 24, 194, '0000-00-00 00:00:00', '0000-00-00 00:00:00'),
(1134, 21, 193, '0000-00-00 00:00:00', '0000-00-00 00:00:00'),
(1135, 24, 193, '0000-00-00 00:00:00', '0000-00-00 00:00:00'),
(1136, 21, 192, '0000-00-00 00:00:00', '0000-00-00 00:00:00'),
(1137, 24, 192, '0000-00-00 00:00:00', '0000-00-00 00:00:00'),
(1138, 21, 191, '0000-00-00 00:00:00', '0000-00-00 00:00:00'),
(1139, 24, 191, '0000-00-00 00:00:00', '0000-00-00 00:00:00'),
(1140, 21, 189, '0000-00-00 00:00:00', '0000-00-00 00:00:00'),
(1141, 24, 189, '0000-00-00 00:00:00', '0000-00-00 00:00:00'),
(1142, 21, 188, '0000-00-00 00:00:00', '0000-00-00 00:00:00'),
(1143, 24, 188, '0000-00-00 00:00:00', '0000-00-00 00:00:00'),
(1145, 25, 201, '2023-10-18 14:10:15', '2023-10-18 14:10:15'),
(1176, 27, 110, '2023-10-18 14:20:36', '2023-10-18 14:20:36'),
(1177, 27, 111, '2023-10-18 14:20:36', '2023-10-18 14:20:36'),
(1178, 27, 112, '2023-10-18 14:20:36', '2023-10-18 14:20:36'),
(1179, 27, 113, '2023-10-18 14:20:36', '2023-10-18 14:20:36'),
(1180, 27, 168, '2023-10-18 14:20:36', '2023-10-18 14:20:36');

-- --------------------------------------------------------

--
-- Table structure for table `suppliers`
--

DROP TABLE IF EXISTS `suppliers`;
CREATE TABLE IF NOT EXISTS `suppliers` (
  `id` int NOT NULL AUTO_INCREMENT,
  `s_tin` varchar(500) COLLATE utf8mb4_general_ci NOT NULL,
  `supplier_name` varchar(191) CHARACTER SET utf8mb4 COLLATE utf8mb4_general_ci NOT NULL,
  `supplier_location` varchar(191) CHARACTER SET utf8mb4 COLLATE utf8mb4_general_ci NOT NULL,
  `email` varchar(100) CHARACTER SET utf8mb4 COLLATE utf8mb4_general_ci NOT NULL,
  `c_number` varchar(45) CHARACTER SET utf8mb4 COLLATE utf8mb4_general_ci NOT NULL,
  `created_by` int NOT NULL,
  `created_at` datetime NOT NULL,
  `updated_at` datetime NOT NULL,
  `deleted_at` datetime DEFAULT NULL,
  `deleted` int DEFAULT '0',
  PRIMARY KEY (`id`)
) ENGINE=InnoDB AUTO_INCREMENT=28 DEFAULT CHARSET=utf8mb4 COLLATE=utf8mb4_general_ci;

--
-- Dumping data for table `suppliers`
--

INSERT INTO `suppliers` (`id`, `s_tin`, `supplier_name`, `supplier_location`, `email`, `c_number`, `created_by`, `created_at`, `updated_at`, `deleted_at`, `deleted`) VALUES
(5, '-----', 'Local', 'Ozamis', 'nemiasing@gmail.com', '', 1, '2023-05-03 21:01:23', '2023-05-03 21:01:23', NULL, 0),
(16, '-----', 'Central Aire Tech Corp.', 'Quezon City, Manila', 'sale@centralairetech.com', '09188634116', 1, '2023-10-08 05:50:17', '2023-10-08 05:50:17', NULL, 0),
(17, '-----', 'HUA LAM Enterprises Inc.', 'Sta. Cruz, Manilla', 'hualam_ent495@yahoo.com', '09178122883', 1, '2023-10-08 06:01:20', '2023-10-08 06:01:20', NULL, 0),
(18, '-----', 'ZYC Enterprises', 'Caloocan City', 'zycenterprise@gmail.com', '09178282019', 1, '2023-10-08 06:03:12', '2023-10-08 06:03:12', NULL, 0),
(19, '-----', 'Arlin Co.', 'Binondo, Manila', 'arlinco@gmail.com', '09978667949', 1, '2023-10-09 01:49:44', '2023-10-09 01:49:44', NULL, 0),
(20, '000-409-901-00000', 'Delsa, INC.', 'Alabang Muntinlupa City', 'jayannabella22@gmail.com', '09216153120', 1, '2023-10-09 02:06:56', '2023-10-09 02:06:56', NULL, 0),
(21, '769-686-627-00000', 'All Season Airconditioning Supply Corp.', 'Calamba City, Laguna', 'allseason.corp@gmail.com', '09568024668', 27, '2023-10-09 03:11:12', '2023-10-09 03:11:12', NULL, 0),
(22, '001-238-999-001', 'Chee Puck Refrigeration Inc.', 'Binondo, Manila', 'cheepuck.refrigeration@gmail.com', '09876543213', 33, '2023-10-09 03:23:31', '2023-10-09 03:23:31', NULL, 0),
(23, '221-629-207-00000', 'Excellar Enterprise, Inc.', 'Sto. Domingo, Quezon City', 'info@excellar-auto.com', '09213299999', 33, '2023-10-09 03:25:45', '2023-10-09 03:25:45', NULL, 0),
(24, '156-503-825-00000', 'Jarcom Enterprise', 'Brgy. St. Peter, Quezon City', 'jarcom.enterprise@gmail.com', '09218153210', 33, '2023-10-09 03:27:21', '2023-10-09 03:27:21', NULL, 0),
(25, '0', 'AnCo.', 'Bukidnon', 'an@co.com', '09162738916', 33, '2023-10-09 03:33:45', '2023-10-09 03:33:45', '2023-10-09 03:36:48', 1),
(26, '-----', 'CentralWorld Enterprise', 'Ozamiz', 'centralworld.inc@gmail.com', '09864128537', 33, '2023-10-09 03:38:46', '2023-10-09 03:38:46', NULL, 0),
(27, '-----', 'Coil Master', 'Caloocan, Manila', 'coil@master.com', '09126856316', 33, '2023-10-11 04:24:41', '2023-10-11 04:24:41', NULL, 0);

-- --------------------------------------------------------

--
-- Table structure for table `tbl_cart`
--

DROP TABLE IF EXISTS `tbl_cart`;
CREATE TABLE IF NOT EXISTS `tbl_cart` (
  `cart_id` int NOT NULL AUTO_INCREMENT,
  `time_order` varchar(45) CHARACTER SET utf8mb4 COLLATE utf8mb4_general_ci DEFAULT NULL,
  `product_id` varchar(45) CHARACTER SET utf8mb4 COLLATE utf8mb4_general_ci DEFAULT NULL,
  `qty` varchar(45) CHARACTER SET utf8mb4 COLLATE utf8mb4_general_ci DEFAULT NULL,
  `status` varchar(45) CHARACTER SET utf8mb4 COLLATE utf8mb4_general_ci DEFAULT 'rejected',
  `discounted` varchar(45) CHARACTER SET utf8mb4 COLLATE utf8mb4_general_ci DEFAULT NULL,
  `date_order` datetime DEFAULT NULL,
  PRIMARY KEY (`cart_id`)
) ENGINE=InnoDB AUTO_INCREMENT=231 DEFAULT CHARSET=utf8mb4 COLLATE=utf8mb4_general_ci;

--
-- Dumping data for table `tbl_cart`
--

INSERT INTO `tbl_cart` (`cart_id`, `time_order`, `product_id`, `qty`, `status`, `discounted`, `date_order`) VALUES
(1, '1695870957', '11', '1', 'rejected', NULL, NULL),
(2, '1695870957', '13', '1', 'rejected', NULL, NULL),
(3, '1695871190', '11', '1', 'rejected', NULL, NULL),
(4, '1695871190', '14', '1', 'rejected', NULL, NULL),
(5, '1695871199', '11', '1', 'completed', NULL, NULL),
(6, '1695871199', '14', '1', 'completed', NULL, NULL),
(7, '1695871428', '11', '1', 'rejected', NULL, NULL),
(8, '1695871428', '13', '1', 'rejected', NULL, NULL),
(9, '1695871428', '14', '1', 'rejected', NULL, NULL),
(10, '1695871478', '11', '1', 'completed', NULL, NULL),
(11, '1695871478', '13', '1', 'completed', NULL, NULL),
(12, '1695872018', '16', '1', 'rejected', NULL, NULL),
(13, '1695872574', '11', '1', 'completed', '2', NULL),
(14, '1695872574', '13', '1', 'completed', '2', NULL),
(15, '1695872574', '14', '1', 'rejected', NULL, NULL),
(16, '1695872935', '11', '1', 'completed', '5', '2023-09-28 03:49:04'),
(17, '1695872935', '13', '1', 'completed', '5', '2023-09-28 03:49:04'),
(18, '1695948687', '11', '1', 'rejected', NULL, NULL),
(19, '1695948687', '14', '1', 'rejected', NULL, NULL),
(20, '1695949862', '11', '1', 'rejected', NULL, NULL),
(21, '1695949862', '13', '1', 'rejected', NULL, NULL),
(22, '1695949952', '11', '1', 'rejected', NULL, NULL),
(23, '1695949973', '11', '1', 'rejected', NULL, NULL),
(24, '1695949973', '13', '1', 'rejected', NULL, NULL),
(25, '1695950324', '11', '1', 'rejected', NULL, NULL),
(26, '1695950438', '11', '1', 'rejected', NULL, NULL),
(27, '1695950589', '11', '1', 'rejected', NULL, NULL),
(28, '1695950589', '13', '1', 'rejected', NULL, NULL),
(29, '1695950589', '14', '1', 'rejected', NULL, NULL),
(30, '1695950589', '19', '1', 'rejected', NULL, NULL),
(31, '1695950589', '18', '1', 'rejected', NULL, NULL),
(32, '1695950589', '15', '1', 'rejected', NULL, NULL),
(33, '1695950609', '11', '1', 'rejected', NULL, NULL),
(34, '1695950858', '11', '3', 'rejected', NULL, NULL),
(35, '1695950858', '13', '4', 'rejected', NULL, NULL),
(36, '1695950930', '11', '4', 'rejected', NULL, NULL),
(37, '1695950945', '11', '2', 'rejected', NULL, NULL),
(38, '1695951023', '11', '5', 'rejected', NULL, NULL),
(39, '1695951080', '13', '3', 'rejected', NULL, NULL),
(40, '1695951116', '11', '1', 'rejected', NULL, NULL),
(41, '1695951116', '13', '1', 'rejected', NULL, NULL),
(43, '1695951616', '11', '1', 'rejected', NULL, NULL),
(44, '1695951616', '13', '1', 'rejected', NULL, NULL),
(45, '1695951616', '14', '1', 'rejected', NULL, NULL),
(46, '1695951616', '15', '1', 'rejected', NULL, NULL),
(47, '1695951669', '11', '1', 'rejected', NULL, NULL),
(48, '1695951669', '13', '1', 'rejected', NULL, NULL),
(49, '1695951669', '14', '1', 'rejected', NULL, NULL),
(50, '1695951669', '18', '1', 'rejected', NULL, NULL),
(51, '1695951669', '19', '1', 'rejected', NULL, NULL),
(52, '1695951669', '17', '1', 'rejected', NULL, NULL),
(53, '1695951692', '11', '1', 'rejected', NULL, NULL),
(54, '1695951706', '11', '1', 'rejected', NULL, NULL),
(55, '1695951706', '13', '1', 'rejected', NULL, NULL),
(56, '1695951706', '14', '1', 'rejected', NULL, NULL),
(57, '1695951706', '15', '1', 'rejected', NULL, NULL),
(58, '1695951706', '18', '1', 'rejected', NULL, NULL),
(67, '1695951846', '11', '1', 'rejected', NULL, NULL),
(68, '1695951846', '13', '1', 'rejected', NULL, NULL),
(69, '1695951846', '14', '1', 'rejected', NULL, NULL),
(70, '1695951846', '15', '1', 'rejected', NULL, NULL),
(71, '1695951846', '16', '1', 'rejected', NULL, NULL),
(72, '1695951888', '11', '1', 'rejected', NULL, NULL),
(74, '1695951888', '14', '1', 'rejected', NULL, NULL),
(75, '1695951888', '15', '1', 'rejected', NULL, NULL),
(76, '1695951888', '16', '1', 'rejected', NULL, NULL),
(77, '1695951888', '17', '1', 'rejected', NULL, NULL),
(78, '1695951888', '18', '1', 'rejected', NULL, NULL),
(79, '1695951888', '19', '1', 'rejected', NULL, NULL),
(80, '1695951932', '11', '1', 'rejected', NULL, NULL),
(81, '1695951932', '13', '1', 'rejected', NULL, NULL),
(82, '1695951932', '14', '1', 'rejected', NULL, NULL),
(83, '1695951932', '15', '1', 'rejected', NULL, NULL),
(84, '1695951988', '11', '1', 'rejected', NULL, NULL),
(85, '1695951988', '13', '1', 'rejected', NULL, NULL),
(86, '1695951988', '14', '1', 'rejected', NULL, NULL),
(87, '1695951988', '15', '1', 'rejected', NULL, NULL),
(88, '1695951988', '19', '1', 'rejected', NULL, NULL),
(89, '1695951988', '18', '1', 'rejected', NULL, NULL),
(90, '1695951988', '17', '1', 'rejected', NULL, NULL),
(92, '1695952032', '11', '1', 'rejected', NULL, NULL),
(93, '1695952214', '11', '1', 'rejected', NULL, NULL),
(94, '1695952254', '14', '1', 'rejected', NULL, NULL),
(95, '1695952262', '11', '1', 'rejected', NULL, NULL),
(96, '1695952284', '11', '1', 'rejected', NULL, NULL),
(97, '1695952316', '11', '1', 'rejected', NULL, NULL),
(98, '1695952429', '13', '1', 'rejected', NULL, NULL),
(99, '1695952441', '13', '1', 'rejected', NULL, NULL),
(100, '1695952483', '11', '1', 'rejected', NULL, NULL),
(101, '1695952528', '11', '1', 'rejected', NULL, NULL),
(102, '1695952548', '11', '1', 'rejected', NULL, NULL),
(103, '1695952618', '13', '1', 'rejected', NULL, NULL),
(104, '1695952639', '11', '1', 'rejected', NULL, NULL),
(105, '1695952655', '11', '1', 'completed', '', '2023-09-29 01:57:47'),
(106, '1695952684', '11', '1', 'rejected', NULL, NULL),
(107, '1695952768', '13', '1', 'completed', '', '2023-09-29 01:59:33'),
(108, '1695952847', '11', '1', 'completed', '', '2023-09-29 02:00:59'),
(109, '1695952847', '13', '1', 'completed', '', '2023-09-29 02:00:59'),
(110, '1695952921', '11', '1', 'completed', '', '2023-09-29 02:02:04'),
(111, '1695952977', '11', '1', 'completed', '', '2023-09-29 02:03:00'),
(112, '1695952996', '11', '1', 'completed', '', '2023-09-29 02:03:19'),
(113, '1695952996', '13', '1', 'rejected', NULL, NULL),
(114, '1695953032', '11', '1', 'rejected', NULL, NULL),
(115, '1695953032', '13', '1', 'rejected', NULL, NULL),
(116, '1695953188', '13', '1', 'rejected', NULL, NULL),
(117, '1695953233', '11', '1', 'rejected', NULL, NULL),
(118, '1695953254', '11', '1', 'completed', '', '2023-09-29 02:07:39'),
(119, '1696389343', '11', '1', 'rejected', NULL, NULL),
(120, '1696389343', '13', '1', 'rejected', NULL, NULL),
(121, '1696389384', '11', '1', 'rejected', NULL, NULL),
(122, '1696389384', '13', '1', 'rejected', NULL, NULL),
(123, '1696389630', '11', '1', 'rejected', NULL, NULL),
(124, '1696389630', '13', '1', 'rejected', NULL, NULL),
(125, '1696389973', '11', '1', 'rejected', NULL, NULL),
(126, '1696389973', '13', '1', 'rejected', NULL, NULL),
(127, '1696389973', '14', '1', 'rejected', NULL, NULL),
(128, '1696389973', '15', '1', 'rejected', NULL, NULL),
(129, '1696390084', '13', '1', 'rejected', NULL, NULL),
(130, '1696390607', '11', '1', 'rejected', NULL, NULL),
(131, '1696390607', '13', '1', 'rejected', NULL, NULL),
(132, '1696390734', '11', '2', 'complete', '3', '2023-10-04 05:39:58'),
(133, '1696390734', '13', '5', 'complete', '3', '2023-10-04 05:39:58'),
(134, '1696390921', '17', '5', 'complete', '2', '2023-10-04 05:42:21'),
(137, '1696391920', '13', '20', 'completed', '', '2023-10-04 05:58:53'),
(138, '1696391966', '15', '2', 'completed', '', '2023-10-04 05:59:39'),
(139, '1696392028', '20', '29', 'completed', '', '2023-10-04 06:01:29'),
(140, '1696392174', '18', '3', 'completed', '', '2023-10-04 06:03:33'),
(141, '1696393573', '16', '45', 'completed', '', '2023-10-04 06:26:41'),
(143, '1696393650', '13', '28', 'completed', '', '2023-10-04 06:28:34'),
(144, '1696393909', '13', '71', 'completed', '', '2023-10-04 06:32:10'),
(145, '1696394012', '14', '2', 'completed', '', '2023-10-04 06:34:39'),
(147, '1696394182', '18', '3', 'completed', '3', '2023-10-04 06:37:45'),
(148, '1696394182', '19', '1', 'completed', '3', '2023-10-04 06:37:45'),
(150, '1696394685', '14', '1', 'completed', '', '2023-10-04 06:44:55'),
(151, '1696394754', '20', '1', 'completed', '', '2023-10-04 06:46:04'),
(152, '1696394899', '19', '1', 'completed', '', '2023-10-04 06:48:28'),
(153, '1696396633', '13', '1', 'completed', '', '2023-10-04 07:17:32'),
(154, '1696399955', '11', '2', 'completed', '', '2023-10-04 08:12:50'),
(155, '1696399955', '13', '6', 'completed', '', '2023-10-04 08:12:50'),
(156, '1696400058', '13', '6', 'completed', '0.03', '2023-10-04 08:14:29'),
(157, '1696400147', '11', '1', 'rejected', NULL, NULL),
(159, '1696400383', '13', '6', 'rejected', NULL, NULL),
(160, '1696400383', '14', '2', 'rejected', NULL, NULL),
(166, '1696404454', '11', '1', 'completed', '', '2023-10-04 09:28:26'),
(167, '1696404454', '14', '1', 'completed', '', '2023-10-04 09:28:26'),
(168, '1696404454', '19', '1', 'completed', '', '2023-10-04 09:28:26'),
(169, '1696404745', '18', '1', 'completed', '', '2023-10-04 09:33:00'),
(170, '1696404745', '19', '1', 'completed', '', '2023-10-04 09:33:00'),
(171, '1696404745', '20', '1', 'completed', '', '2023-10-04 09:33:00'),
(172, '1696408933', '13', '183', 'completed', '23', '2023-10-04 10:42:46'),
(174, '1696704743', '19', '10', 'completed', '23', '2023-10-07 20:54:31'),
(175, '1696704743', '20', '10', 'completed', '23', '2023-10-07 20:54:31'),
(176, '1696704743', '31', '10', 'completed', '23', '2023-10-07 20:54:31'),
(177, '1696704743', '32', '7', 'completed', '23', '2023-10-07 20:54:31'),
(178, '1696704743', '100', '1', 'completed', '23', '2023-10-07 20:54:31'),
(179, '1696704743', '101', '2', 'completed', '23', '2023-10-07 20:54:31'),
(180, '1696704743', '129', '3', 'completed', '23', '2023-10-07 20:54:31'),
(181, '1696704743', '130', '5', 'completed', '23', '2023-10-07 20:54:31'),
(182, '1696704743', '128', '5', 'completed', '23', '2023-10-07 20:54:31'),
(183, '1696704743', '127', '3', 'completed', '23', '2023-10-07 20:54:31'),
(184, '1696764749', '162', '10', 'completed', '', '2023-10-08 13:34:32'),
(185, '1696764749', '163', '10', 'completed', '', '2023-10-08 13:34:32'),
(186, '1696764749', '165', '10', 'completed', '', '2023-10-08 13:34:32'),
(187, '1696764749', '164', '10', 'completed', '', '2023-10-08 13:34:32'),
(188, '1696764749', '135', '10', 'completed', '', '2023-10-08 13:34:32'),
(189, '1696764749', '134', '10', 'completed', '', '2023-10-08 13:34:32'),
(190, '1696764749', '133', '10', 'completed', '', '2023-10-08 13:34:32'),
(191, '1696764749', '136', '3', 'completed', '', '2023-10-08 13:34:32'),
(192, '1696764749', '118', '4', 'completed', '', '2023-10-08 13:34:32'),
(193, '1696764749', '119', '6', 'completed', '', '2023-10-08 13:34:32'),
(194, '1696820394', '18', '3', 'rejected', NULL, NULL),
(195, '1696820394', '19', '1', 'rejected', NULL, NULL),
(196, '1697090097', '18', '1', 'rejected', NULL, NULL),
(197, '1697168940', '18', '1', 'rejected', NULL, NULL),
(199, '1697180540', '18', '1', 'completed', '', '2023-10-13 07:02:48'),
(200, '1697180540', '19', '1', 'rejected', NULL, NULL),
(201, '1697180588', '19', '1', 'rejected', NULL, NULL),
(202, '1697180721', '19', '1', 'rejected', NULL, NULL),
(203, '1697463794', '18', '1', 'completed', '', '2023-10-16 13:43:35'),
(204, '1697463794', '19', '6', 'completed', '', '2023-10-16 13:43:35'),
(210, '1697630527', '29', '1', 'completed', '', '2023-10-18 12:02:16'),
(211, '1697630527', '28', '1', 'completed', '', '2023-10-18 12:02:16'),
(214, '1697639930', '18', '1', 'rejected', NULL, NULL),
(215, '1697639930', '19', '1', 'rejected', NULL, NULL),
(216, '1697639930', '20', '1', 'rejected', NULL, NULL),
(217, '1697639930', '21', '1', 'rejected', NULL, NULL),
(218, '1697639930', '22', '1', 'rejected', NULL, NULL),
(219, '1697639930', '26', '1', 'rejected', NULL, NULL),
(220, '1697639930', '27', '1', 'rejected', NULL, NULL),
(221, '1697639990', '20', '1', 'rejected', NULL, NULL),
(222, '1697639990', '19', '1', 'rejected', NULL, NULL),
(230, '1697646701', '18', '1', 'rejected', NULL, NULL);

-- --------------------------------------------------------

--
-- Table structure for table `tbl_chats`
--

DROP TABLE IF EXISTS `tbl_chats`;
CREATE TABLE IF NOT EXISTS `tbl_chats` (
  `chat_id` int NOT NULL AUTO_INCREMENT,
  `room_id` varchar(45) CHARACTER SET utf8mb4 COLLATE utf8mb4_general_ci DEFAULT NULL,
  `msg` varchar(500) CHARACTER SET utf8mb4 COLLATE utf8mb4_general_ci DEFAULT NULL,
  `send_by` varchar(45) CHARACTER SET utf8mb4 COLLATE utf8mb4_general_ci DEFAULT NULL,
  PRIMARY KEY (`chat_id`)
) ENGINE=InnoDB AUTO_INCREMENT=233 DEFAULT CHARSET=utf8mb4 COLLATE=utf8mb4_general_ci;

--
-- Dumping data for table `tbl_chats`
--

INSERT INTO `tbl_chats` (`chat_id`, `room_id`, `msg`, `send_by`) VALUES
(1, '1', 'awd', '27'),
(2, NULL, 'awd', '27'),
(3, NULL, 'awd', '27'),
(4, '1', 'awd', '27'),
(5, NULL, 'awd', '27'),
(6, '1', 'awd', '27'),
(7, '1', 'awd', '27'),
(8, '1', 'awd', '27'),
(9, '1', 'awdawd', '27'),
(10, '1', 'awd', '27'),
(11, NULL, 'awd', '27'),
(12, NULL, 'awd', '27'),
(13, NULL, 'awd', '27'),
(14, '1', 'awd2222', '27'),
(15, '1', 'awd2222', '27'),
(16, '1', 'awd2222', '27'),
(17, '1', 'awd2222', '27'),
(18, '1', 'awd2222', '27'),
(19, '1', 'awd2222', '27'),
(20, NULL, 'awd2222', '27'),
(21, NULL, 'awd2222', '27'),
(22, NULL, 'awd2222', '27'),
(23, '1', 's', '27'),
(24, '1', 'ss', '27'),
(25, '1', 's', '27'),
(26, '1', 's', '27'),
(27, '1', 'awd', '27'),
(28, '1', 'awd', '27'),
(29, '1', 'awd', '27'),
(30, '1', 'awd', '27'),
(31, '1', 'awd', '27'),
(32, NULL, 'awd', '27'),
(33, '1', 'awd', '27'),
(34, '1', 'awd', '27'),
(35, '1', 'awd', '27'),
(36, '1', 'awd', '27'),
(37, '1', 'awd', '27'),
(38, '1', 'awd', '27'),
(39, '1', 'awd', '27'),
(40, '1', 'awd', '27'),
(41, '1', 'awdawd', '27'),
(42, '1', 'awd', '27'),
(43, '1', 'awd', '27'),
(44, '1', 'awd', '27'),
(45, '1', 'hehehhee', '27'),
(46, '1', 'okay', '27'),
(47, '1', 'awd', '27'),
(48, '1', 'awd', '27'),
(49, '1', 'awd', '27'),
(50, '1', 'awd', '27'),
(51, '1', 'awdawd', '27'),
(52, '3', 'awd', '27'),
(53, '3', 'awd', '27'),
(54, '5', 'awd', '27'),
(55, '5', 'awd', '27'),
(56, '8', 'awd', '27'),
(57, '8', 'awd', '27'),
(58, '8', 'awd', '27'),
(59, '8', 'ddw', '27'),
(60, '8', '2dwad', '27'),
(61, '8', 'awd', '27'),
(62, '11', 'awd', '27'),
(63, '11', 'okay2', '27'),
(64, '11', 'awd', '27'),
(65, '11', '???', '27'),
(66, '11', '??', '27'),
(67, '11', 'awdawd', '27'),
(68, '11', 'awdawd', '27'),
(69, '11', 'awd', '27'),
(70, '11', 'sige2', '27'),
(71, '11', 'awd', '27'),
(72, '11', 'awd', '27'),
(73, '11', 'oaky2', '27'),
(74, '1', '??', '27'),
(75, '1', '???', '27'),
(76, '1', '????213123', '27'),
(77, '1', '????213123', '27'),
(78, '1', '????213123', '27'),
(79, '1', '????213123', '27'),
(80, '1', '????213123', '27'),
(81, '1', '????213123s', '27'),
(82, '1', '????213123ss', '27'),
(83, '1', 'awdawdawd', '27'),
(84, '1', 'awdawdawd', '27'),
(85, '1', 'awdawdawd123', '27'),
(86, '1', 'awdawdawd123 okay2', '27'),
(87, '1', 'awdawdawd123 okay2??', '27'),
(88, '1', 'awdawdawd123 okay2??', '27'),
(89, '1', 'awdawdawd123 okay2??', '27'),
(90, '1', 'awdawdawd123 okay2??', '27'),
(91, '1', 'awdawdawd123 okay2??', '27'),
(92, '1', 'awdawdawd123 okay2??', '27'),
(93, '1', 'awdawdawd123 okay2??', '27'),
(94, '1', 'awdawdawd123 okay2??', '27'),
(95, '1', 'awdawdawd123 okay2??', '27'),
(96, '1', 'awdawdawd123 okay2??', '27'),
(97, '1', 'awdawdawd123 okay2??', '27'),
(98, '1', 'awdawdawd123 okay2??', '27'),
(99, '1', 'awdawdawd123 okay2??', '27'),
(100, '1', 'awdawdawd123 okay2??', '27'),
(101, '1', 'awdawdawd123 okay2??', '27'),
(102, '1', 'awdawdawd123 okay2??', '27'),
(103, '1', 'awdawdawd123 okay2??', '27'),
(104, '1', 'awdawdawd123 okay2??', '27'),
(105, '1', 'awdawdawd123 okay2??', '27'),
(106, '1', 'awdawdawd123 okay2??', '27'),
(107, '1', 'awdawdawd123 okay2??', '27'),
(108, '2', 'awdawdawd123 okay2??', '27'),
(109, '2', 'awdawdawd123 okay2??', '27'),
(110, '2', 'awdawdawd123 okay2??', '27'),
(111, '2', 'awdawdawd123 okay2??', '27'),
(112, '2', 'awdawdawd123 okay2??s', '27'),
(113, '2', 'awdawdawd123 okay2??s23', '27'),
(114, '2', 'awdawdawd123 okay2??s23', '27'),
(115, '2', 'awdawdawd123 okay2??s23123123', '27'),
(116, '2', 'awdawdawd123 okay2??s23123123', '27'),
(117, '2', 'awdawdawd123 okay2??s23123123', '27'),
(118, '2', 'awdawdawd123 okay2??s23123123', '27'),
(119, '2', 'awdawdawd123 okay2??s23123123', '27'),
(120, '3', 'awdawdawd123 okay2??s23123123awd', '27'),
(121, '3', 'awdawdawd123 okay2??s23123123awd', '27'),
(122, '3', 'awdawdawd123 okay2??s23123123awd', '27'),
(123, '3', 'awdawdawd123 okay2??s23123123awd', '27'),
(124, '3', 'awdawdawd123 okay2??s23123123awd', '27'),
(125, '3', 'awdawdawd123 okay2??s23123123awd', '27'),
(126, '8', 'awdawdawd123 okay2??s23123123awd', '27'),
(127, '3', 'awdawdawd123 okay2??s23123123awd', '27'),
(128, '3', 'awd', '27'),
(129, '11', 'awd', '27'),
(130, '11', 'awdawd', '27'),
(131, '11', '???', '27'),
(132, '11', 'okay', '27'),
(133, '1', 'sige2', '27'),
(134, '1', 'opo', '27'),
(135, NULL, 'awd', '27'),
(136, '1', 'awd', '27'),
(137, '1', 'awdawd', '27'),
(138, '1', 'awdawdawd', '27'),
(139, '1', '????', '27'),
(140, '1', 'awd', '27'),
(141, '1', 'awd', '27'),
(142, '1', 'awdawd2', '27'),
(143, '1', '12312awdawd', '27'),
(144, '1', 'awdawdawdawd333', '27'),
(145, '1', 'hehehehehehe', '27'),
(146, '1', 'awd', '27'),
(147, '2', '123123123', '27'),
(148, '2', 'wd', '27'),
(149, '3', 'awdawdawd', '27'),
(150, '1', '1123123', '27'),
(151, '1', 'awdawd', '27'),
(152, '1', 'adadaw3', '27'),
(153, '1', 'awdawdawd', '27'),
(154, '1', 'awdaw33123', '27'),
(155, '1', 'awd', '27'),
(156, '1', 'awd', '27'),
(157, '1', 'sige2', '1'),
(158, '1', 'okay', '1'),
(159, '1', 'awd', '1'),
(160, '1', 'awed', '1'),
(161, '1', '???', '1'),
(162, '20', 'awd', '1'),
(163, '1', 'awd', '1'),
(164, '1', 'awd', '1'),
(165, '1', '333', '1'),
(166, '1', '1111', '1'),
(167, '1', 'awdawd', '1'),
(168, '1', '3333', '1'),
(169, '1', 'awdawd', '1'),
(170, '1', '123123123awd', '1'),
(171, '1', 'awd', '27'),
(172, '1', 'w', '27'),
(173, '1', 'd', '27'),
(174, '1', 'okay', '27'),
(175, '1', 'okay?', '27'),
(176, '1', 'awd', '27'),
(177, '1', 'awd', '27'),
(178, '1', '???', '27'),
(179, '9', 'awd', '27'),
(180, '7', 'awd', '27'),
(181, '7', '??', '22'),
(182, '7', 'okay', '22'),
(183, '7', 'awd', '22'),
(184, '19', 'awd', '22'),
(185, NULL, '', '22'),
(186, NULL, '', '22'),
(187, NULL, '', '22'),
(188, NULL, '', '22'),
(189, NULL, '', '22'),
(190, '19', '', '22'),
(191, '19', '', '22'),
(192, '19', '', '22'),
(193, '7', '', '22'),
(194, '7', '', '22'),
(195, '7', '', '22'),
(196, '7', '', '22'),
(197, '7', '', '22'),
(198, '7', '', '22'),
(199, '7', '', '22'),
(200, '7', 'okay', '22'),
(201, '7', '', '22'),
(202, '7', 'okay', '22'),
(203, '7', '??', '22'),
(204, '7', 'awdawd', '22'),
(205, '7', '', '22'),
(206, '7', '', '22'),
(207, '19', 'HAHAHAHAHAHA', '1'),
(208, '19', 'ok', '22'),
(209, '19', 'Hahaha', '1'),
(210, '19', '', '22'),
(211, '19', 'U', '1'),
(212, '19', '', '22'),
(213, '19', 'awd', '22'),
(214, '19', 'daw', '22'),
(215, '19', '', '22'),
(216, '19', 'Hahaha', '1'),
(217, '19', '2', '22'),
(218, '19', 'S', '1'),
(219, '19', 'awd', '22'),
(220, '19', '', '22'),
(221, '19', '?', '1'),
(222, '19', 'Hshshsh', '1'),
(223, '19', 'awdawdawd', '22'),
(224, '7', 'awd', '22'),
(225, '19', 'awd', '22'),
(226, '13', 'hi vian', '1'),
(227, '13', '', '1'),
(228, '19', 'ikaw ni', '22'),
(229, '19', 'hello', '1'),
(230, '16', 'hio', '1'),
(231, '17', 'maam', '1'),
(232, '19', 'https://quillbot.com/', '1');

-- --------------------------------------------------------

--
-- Table structure for table `tbl_rooms`
--

DROP TABLE IF EXISTS `tbl_rooms`;
CREATE TABLE IF NOT EXISTS `tbl_rooms` (
  `room_id` int NOT NULL AUTO_INCREMENT,
  `users` varchar(45) CHARACTER SET utf8mb4 COLLATE utf8mb4_general_ci DEFAULT NULL,
  PRIMARY KEY (`room_id`)
) ENGINE=InnoDB AUTO_INCREMENT=30 DEFAULT CHARSET=utf8mb4 COLLATE=utf8mb4_general_ci;

--
-- Dumping data for table `tbl_rooms`
--

INSERT INTO `tbl_rooms` (`room_id`, `users`) VALUES
(1, '27|1'),
(2, '27|4'),
(3, '27|12'),
(4, '27|13'),
(5, '27|15'),
(6, '27|20'),
(7, '27|22'),
(8, '27|19'),
(9, '27|26'),
(10, '27|'),
(11, '27|27'),
(12, '1|1'),
(13, '1|4'),
(14, '1|12'),
(15, '1|13'),
(16, '1|15'),
(17, '1|19'),
(18, '1|20'),
(19, '1|22'),
(20, '1|26'),
(21, '22|4'),
(22, '22|13'),
(23, '22|20'),
(24, '22|26'),
(25, '22|19'),
(26, '22|15'),
(27, '22|12'),
(28, '22|'),
(29, '1|');

-- --------------------------------------------------------

--
-- Table structure for table `users`
--

DROP TABLE IF EXISTS `users`;
CREATE TABLE IF NOT EXISTS `users` (
  `id` int NOT NULL AUTO_INCREMENT,
  `employee_id` varchar(100) CHARACTER SET utf8mb4 COLLATE utf8mb4_general_ci DEFAULT NULL,
  `first_name` varchar(50) CHARACTER SET utf8mb4 COLLATE utf8mb4_general_ci NOT NULL,
  `last_name` varchar(50) CHARACTER SET utf8mb4 COLLATE utf8mb4_general_ci NOT NULL,
  `role` varchar(30) CHARACTER SET utf8mb4 COLLATE utf8mb4_general_ci DEFAULT NULL,
  `expertise` varchar(50) CHARACTER SET utf8mb4 COLLATE utf8mb4_general_ci NOT NULL,
  `email` varchar(80) CHARACTER SET utf8mb4 COLLATE utf8mb4_general_ci NOT NULL,
  `password` varchar(100) CHARACTER SET utf8mb4 COLLATE utf8mb4_general_ci NOT NULL,
  `created_at` datetime NOT NULL,
  `updated_at` datetime NOT NULL,
  `v_code` int DEFAULT NULL,
  `c_number` varchar(45) CHARACTER SET utf8mb4 COLLATE utf8mb4_general_ci DEFAULT NULL,
  `deleted_at` datetime DEFAULT NULL,
  `deleted` int DEFAULT '0',
  PRIMARY KEY (`id`)
) ENGINE=InnoDB AUTO_INCREMENT=35 DEFAULT CHARSET=utf8mb4 COLLATE=utf8mb4_general_ci;

--
-- Dumping data for table `users`
--

INSERT INTO `users` (`id`, `employee_id`, `first_name`, `last_name`, `role`, `expertise`, `email`, `password`, `created_at`, `updated_at`, `v_code`, `c_number`, `deleted_at`, `deleted`) VALUES
(1, '012345', 'Jay', 'Intig', 'manager', '', 'jay@gmail.com', '$2y$10$7tgKa/dnLKfcj.CE0jPZnuxFQ8dHs8MmfAf7zUqwx1q/YfrdUnCkS', '2022-12-13 14:30:26', '2023-10-16 09:49:50', NULL, '', NULL, 0),
(4, '012346', 'Vivian', 'Lumactod', 'employee', '', 'vivian.lumactod02@gmail.com', '1234', '2022-12-15 19:07:49', '2023-10-16 12:13:13', NULL, '', NULL, 0),
(12, '012347', 'jay ann', 'abella', 'employee', '', 'jayannabella@gmail.com', '$2y$10$7tgKa/dnLKfcj.CE0jPZnuxFQ8dHs8MmfAf7zUqwx1q/YfrdUnCkS', '2022-12-18 03:40:16', '2023-10-16 12:13:02', NULL, '', NULL, 0),
(13, '012348', 'Hilda', 'Baje', 'manager', '', 'hilda@gmail.com', '$2y$10$7tgKa/dnLKfcj.CE0jPZnuxFQ8dHs8MmfAf7zUqwx1q/YfrdUnCkS', '2022-12-18 21:27:26', '2022-12-18 21:27:26', NULL, NULL, '2023-10-09 03:14:56', 1),
(15, '012349', 'King', 'Sun', 'manager', '', 'kingsun@gmail.com', '$2y$10$7tgKa/dnLKfcj.CE0jPZnuxFQ8dHs8MmfAf7zUqwx1q/YfrdUnCkS', '2023-02-11 19:40:34', '2023-08-07 06:52:50', NULL, NULL, '2023-10-09 03:15:04', 1),
(19, '012310', 'jay', 'ann', 'employee', '', 'jan@gmail.com', '$2y$10$BsYv3GZetYv7i2Q5GUPUuOLU6q2Thp/kMWRCue3Q3aYifbYyw5/wy', '2023-03-20 19:54:06', '2023-10-16 12:12:52', NULL, '', NULL, 0),
(20, '012311', 'cecilia', 'heart', 'employee', '', 'cecilia@gmail.com', '$2y$10$K5SLEfZU9cJ5Yy.ps1drL.7fKbEMJ.1KyTFbHXr0brSblErt6519u', '2023-04-23 15:15:27', '2023-10-16 12:12:43', NULL, '', '2023-10-01 16:50:11', 0),
(22, '012312', 'cherry', 'blossom', 'manager', '', 'cherryblossom@gmail.com', '$2y$10$7tgKa/dnLKfcj.CE0jPZnuxFQ8dHs8MmfAf7zUqwx1q/YfrdUnCkS', '2023-05-22 05:27:42', '2023-08-07 06:52:47', NULL, NULL, '2023-10-16 03:48:50', 1),
(27, '123', 'awdawd', 'awdawd', 'manager', '', '123', '$2y$10$7tgKa/dnLKfcj.CE0jPZnuxFQ8dHs8MmfAf7zUqwx1q/YfrdUnCkS', '2023-08-28 12:49:22', '2023-08-28 12:49:22', 1234, '123123', '2023-10-16 03:48:45', 1),
(30, '024175', 'jay francis', 'intig', 'manager', '', 'jayfrancis.intig20@gmail.com', '$2y$10$42t1ccJo.U377AvLuPD8KOWhSEVJti2vWJZan9P1aDLrI7WeVlYxO', '2023-10-04 05:18:05', '2023-10-04 05:18:05', 2366, '09876543706', '2023-10-16 03:48:40', 1),
(31, '061796', 'mian', 'marco', 'employee', '', 'vivian.lumactod02@gmail.com', '$2y$10$uEIFJ5EO417/KSw4z./DlO2b/LnujvDQLX2Ih8CYgqi0waXWa76Ha', '2023-10-04 05:25:12', '2023-10-04 05:25:12', NULL, '09672084510', NULL, 0),
(32, '029393', 'Rafael', 'Vicente', 'employee', '', 'ralphe@gmail.com', '$2y$10$jpY9DyWtqTsApP5vDT1qxu0UbjFFsFpi1WIeZ605Ym4nuiyTikrpy', '2023-10-04 09:13:31', '2023-10-04 09:13:31', NULL, '09172224545', NULL, 0),
(33, '039471', 'Hilda', 'Baje', 'manager', 'Main Manager', 'kingsunenterprise@gmail.com', '$2y$10$j40p6pp2nUE.UttJKzb11epcdtzo.QEZnaSxHb2aCrXzgqMa3ou/y', '2023-10-09 03:19:34', '2023-10-18 11:28:13', NULL, '09867436849', NULL, 0),
(34, '011938', 'Hilda', 'Gomez', 'manager', 'Main Manager', 'kingsunenterprise@gmail.com', '$2y$10$0LigP.sGPnMaIAfeNoi9YudbZtD0OkPEqTyr7xB5rwxyUzAurusKq', '2023-10-16 04:43:04', '2023-10-18 11:27:57', NULL, '09228726189', NULL, 0);

--
-- Constraints for dumped tables
--

--
-- Constraints for table `order_product`
--
ALTER TABLE `order_product`
  ADD CONSTRAINT `fk_order_product_product` FOREIGN KEY (`product`) REFERENCES `products` (`id`) ON DELETE CASCADE;
COMMIT;

/*!40101 SET CHARACTER_SET_CLIENT=@OLD_CHARACTER_SET_CLIENT */;
/*!40101 SET CHARACTER_SET_RESULTS=@OLD_CHARACTER_SET_RESULTS */;
/*!40101 SET COLLATION_CONNECTION=@OLD_COLLATION_CONNECTION */;
